Reaction,logk,database
Fe+2 + H2O = FeOH+ + H+,-9.5,Amm
Fe+2 + 3H2O = Fe(OH)3- + 3H+,-31.0,Amm
Fe+2 + Cl- = FeCl+,0.14,Amm
Fe+2 + CO3-2 = FeCO3,4.38,Amm
Fe+2 + HCO3- = FeHCO3+,2.0,Amm
Fe+2 + SO4-2 = FeSO4,2.25,Amm
Fe+2 + HSO4- = FeHSO4+,1.08,Amm
Fe+2 + 2HS- = Fe(HS)2,8.95,Amm
Fe+2 + 3HS- = Fe(HS)3-,10.987,Amm
Fe+2 + HPO4-2 = FeHPO4,3.6,Amm
Fe+2 + H2PO4- = FeH2PO4+,2.7,Amm
Fe+2 + F- = FeF+,1.0,Amm
Fe+2 = Fe+3 + e-,-13.02,Amm
Fe+3 + H2O = FeOH+2 + H+,-2.19,Amm
Fe+3 + 2 H2O = Fe(OH)2+ + 2 H+,-5.67,Amm
Fe+3 + 3 H2O = Fe(OH)3 + 3 H+,-12.56,Amm
Fe+3 + 4 H2O = Fe(OH)4- + 4 H+,-21.6,Amm
Fe+2 + 2H2O = Fe(OH)2 + 2H+,-20.57,Amm
2 Fe+3 + 2 H2O = Fe2(OH)2+4 + 2 H+,-2.95,Amm
3 Fe+3 + 4 H2O = Fe3(OH)4+5 + 4 H+,-6.3,Amm
Fe+3 + Cl- = FeCl+2,1.48,Amm
Fe+3 + 2 Cl- = FeCl2+,2.13,Amm
Fe+3 + 3 Cl- = FeCl3,1.13,Amm
Fe+3 + SO4-2 = FeSO4+,4.04,Amm
Fe+3 + HSO4- = FeHSO4+2,2.48,Amm
Fe+3 + 2 SO4-2 = Fe(SO4)2-,5.38,Amm
Fe+3 + HPO4-2 = FeHPO4+,5.43,Amm
Fe+3 + H2PO4- = FeH2PO4+2,5.43,Amm
Fe+3 + F- = FeF+2,6.2,Amm
Fe+3 + 2 F- = FeF2+,10.8,Amm
Fe+3 + 3 F- = FeF3,14.0,Amm
FeCO3 = Fe+2 + CO3-2,-10.89,Amm
Fe2O3 + 6 H+ = 2 Fe+3 + 3 H2O,-4.008,Amm
FeOOH + 3 H+ = Fe+3 + 2 H2O,-1.0,Amm
Fe(OH)3 + 3 H+ = Fe+3 + 3 H2O,4.891,Amm
FeS2 + 2 H+ + 2 e- = Fe+2 + 2 HS-,-18.479,Amm
FeS + H+ = Fe+2 + HS-,-3.915,Amm
FeS + H+ = Fe+2 + HS-,-4.648,Amm
Fe3(PO4)2:8H2O = 3 Fe+2 + 2 PO4-3 + 8 H2O,-36.0,Amm
FeSO4:7H2O = 7 H2O + Fe+2 + SO4-2,-2.209,Amm
KFe3(SO4)2(OH)6 + 6 H+ = 3 Fe+3 + 6 H2O + K+ + 2 SO4-2,-9.21,Amm
Fe+2 + 2X- = FeX2,0.44,Amm
Hfo_sOH + Fe+2 = Hfo_sOFe+ + H+,-0.95,Amm
Hfo_wOH + Fe+2 = Hfo_wOFe+ + H+,-2.98,Amm
Hfo_wOH + Fe+2 + H2O = Hfo_wOFeOH + 2H+,-11.55,Amm
Fe+2 =  Fe+2,0,llnl
1.0000 H+ + 1.0000 Fe++ + 0.2500 O2  =  Fe+++ +0.5000 H2O,+8.4899,llnl
2.0000 HAcetate + 1.0000 Fe++  =  Fe(Acetate)2 +2.0000 H+,-7.0295,llnl
2.0000 H2O + 1.0000 Fe++  =  Fe(OH)2 +2.0000 H+,-20.6,llnl
2.0000 H2O + 1.0000 Fe+++  =  Fe(OH)2+ +2.0000 H+,-5.67,llnl
3.0000 H2O + 1.0000 Fe+++  =  Fe(OH)3 +3.0000 H+,-12,llnl
3.0000 H2O + 1.0000 Fe++  =  Fe(OH)3- +3.0000 H+,-31,llnl
4.0000 H2O + 1.0000 Fe+++  =  Fe(OH)4- +4.0000 H+,-21.6,llnl
4.0000 H2O + 1.0000 Fe++  =  Fe(OH)4-- +4.0000 H+,-46,llnl
2.0000 SO4-- + 1.0000 Fe+++  =  Fe(SO4)2-,+3.2137,llnl
2.0000 H2O + 2.0000 Fe+++  =  Fe2(OH)2++++ +2.0000 H+,-2.95,llnl
4.0000 H2O + 3.0000 Fe+++  =  Fe3(OH)4+5 +4.0000 H+,-6.3,llnl
1.0000 Fe++ + 1.0000 HAcetate  =  FeAcetate+ +1.0000 H+,-3.4671,llnl
1.0000 HCO3- + 1.0000 Fe++  =  FeCO3 +1.0000 H+,-5.5988,llnl
1.0000 HCO3- + 1.0000 Fe+++  =  FeCO3+ +1.0000 H+,-0.6088,llnl
1.0000 Fe++ + 1.0000 Cl-  =  FeCl+,-0.1605,llnl
1.0000 Fe+++ + 1.0000 Cl-  =  FeCl++,-0.8108,llnl
2.0000 Cl- + 1.0000 Fe++  =  FeCl2,-2.4541,llnl
2.0000 Cl- + 1.0000 Fe+++  =  FeCl2+,+2.1300,llnl
4.0000 Cl- + 1.0000 Fe+++  =  FeCl4-,-0.79,llnl
4.0000 Cl- + 1.0000 Fe++  =  FeCl4--,-1.9,llnl
1.0000 Fe++ + 1.0000 F-  =  FeF+,+1.3600,llnl
1.0000 Fe+++ + 1.0000 F-  =  FeF++,+4.1365,llnl
2.0000 F- + 1.0000 Fe+++  =  FeF2+,+8.3498,llnl
1.0000 HPO4-- + 1.0000 H+ + 1.0000 Fe++  =  FeH2PO4+,+2.7000,llnl
1.0000 HPO4-- + 1.0000 H+ + 1.0000 Fe+++  =  FeH2PO4++,+4.1700,llnl
1.0000 HCO3- + 1.0000 Fe++  =  FeHCO3+,+2.7200,llnl
1.0000 HPO4-- + 1.0000 Fe++  =  FeHPO4,+3.6000,llnl
1.0000 HPO4-- + 1.0000 Fe+++  =  FeHPO4+,+10.1800,llnl
1.0000 NO2- + 1.0000 Fe+++  =  FeNO2++,+3.1500,llnl
1.0000 NO3- + 1.0000 Fe+++  =  FeNO3++,+1.0000,llnl
1.0000 H2O + 1.0000 Fe++  =  FeOH+ +1.0000 H+,-9.5,llnl
1.0000 H2O + 1.0000 Fe+++  =  FeOH++ +1.0000 H+,-2.19,llnl
1.0000 HPO4-- + 1.0000 Fe++  =  FePO4- +1.0000 H+,-4.3918,llnl
1.0000 SO4-- + 1.0000 Fe++  =  FeSO4,+2.2000,llnl
1.0000 SO4-- + 1.0000 Fe+++  =  FeSO4+,+1.9276,llnl
Ca3Fe2(SiO4)3 +12.0000 H+  =  + 2.0000 Fe+++ + 3.0000 Ca++ + 3.0000 SiO2 + 6.0000 H2O,33.3352,llnl
KFe3AlSi3O10(OH)2 +10.0000 H+  =  + 1.0000 Al+++ + 1.0000 K+ + 3.0000 Fe++ + 3.0000 SiO2 + 6.0000 H2O,29.4693,llnl
FeAsS +1.5000 H2O +0.5000 H+  =  + 0.5000 AsH3 + 0.5000 H2AsO3- + 1.0000 Fe++ + 1.0000 HS-,-14.4453,llnl
Fe(UO2)2(PO4)2 +2.0000 H+  =  + 1.0000 Fe++ + 2.0000 HPO4-- + 2.0000 UO2++,-17.7240,llnl
Cu5FeS4 +4.0000 H+  =  + 1.0000 Cu++ + 1.0000 Fe++ + 4.0000 Cu+ + 4.0000 HS-,-102.4369,llnl
Ca4Al2Fe2O10 +20.0000 H+  =  + 2.0000 Al+++ + 2.0000 Fe+++ + 4.0000 Ca++ + 10.0000 H2O,140.5050,llnl
CuFeS2 +2.0000 H+  =  + 1.0000 Cu++ + 1.0000 Fe++ + 2.0000 HS-,-32.5638,llnl
Fe2Al2SiO5(OH)4 +10.0000 H+  =  + 1.0000 SiO2 + 2.0000 Al+++ + 2.0000 Fe++ + 7.0000 H2O,32.8416,llnl
FeCr2O4 +8.0000 H+  =  + 1.0000 Fe++ + 2.0000 Cr+++ + 4.0000 H2O,15.1685,llnl
Na.954K.543Ca.761Mg.124Sr.036Ba.062Mn.002Al3.45F +13.8680 H+  =  + 0.0020 Mn++ + 0.0170 Fe+++ + 0.0360 Sr++ + 0.0620 Ba++ + 0.1240 Mg++ + 0.5430 K+ + 0.7610 Ca++ + 0.9540 Na+ + 3.4500 Al+++ + 14.5330 SiO2 17.8560 H2O,-9.7861,llnl
Na.954K.543Ca.761Mg.124Sr.036Ba.062Mn.002Al3.45Fe.017Si14.5330O46.922H21.844 +13.8680 H+  =  + 0.0020 Mn++ + 0.0170 Fe+++ + 0.0360 Sr++ + 0.0620 Ba++ + 0.1240 Mg++ + 0.5430 K+ + 0.7610 Ca++ + 0.9540 Na+ + 3.4500 Al+++ + 14.5330 SiO2 + 17.8560 H2O,-9.7861,llnl
Ca1.7335Al3.45Fe.017Si14.533O36:10.922H2O +13.8680 H+  =  + 0.0170 Fe+++ + 1.7335 Ca++ + 3.4500 Al+++ + 14.5330 SiO2 + 17.8560 H2O,-7.0095,llnl
Cs3.467Al3.45Fe.017Si14.533O36:10.922H2O +13.8680 H+  =  + 0.0170 Fe+++ + 3.4500 Al+++ + 3.4670 Cs+ + 14.5330 SiO2 + 17.8560 H2O,-13.0578,llnl
K3.467Al3.45Fe.017Si14.533O36:10.922H2O +13.8680 H+  =  + 0.0170 Fe+++ + 3.4500 Al+++ + 3.4670 K+ + 14.5330 SiO2 + 17.8560 H2O,-10.9485,llnl
(NH4)3.467Al3.45Fe.017Si14.533O36:10.922H2O +10.4010 H+  =  + 0.0170 Fe+++ + 3.4500 Al+++ + 3.4670 NH3 + 14.5330 SiO2 + 17.8560 H2O,-42.4791,llnl
Na3.467Al3.45Fe.017Si14.533O36:10.922H2O +13.8680 H+  =  + 0.0170 Fe+++ + 3.4500 Al+++ + 3.4670 Na+ + 14.5330 SiO2 + 17.8560 H2O,-7.1363,llnl
Sr1.7335Al3.45Fe.017Si14.533O36:10.922H2O +13.8680 H+  =  + 0.0170 Fe+++ + 1.7335 Sr++ + 3.4500 Al+++ + 14.5330 SiO2 + 17.8560 H2O,-7.1491,llnl
Sr.036Mg.124Ca.761Mn.002Ba.062K.543Na.954Al3.45F +13.8680 H+  =  + 0.0020 Mn++ + 0.0170 Fe+++ + 0.0360 Sr++ + 0.0620 Ba++ + 0.1240 Mg++ + 0.5430 K+ + 0.7610 Ca++ + 0.9540 Na+ + 3.4500 Al+++ + 6.9340 H2O 14.5330 SiO2,25.8490,llnl
Sr.036Mg.124Ca.761Mn.002Ba.062K.543Na.954Al3.45Fe.017Si14.533O36 +13.8680 H+  =  + 0.0020 Mn++ + 0.0170 Fe+++ + 0.0360 Sr++ + 0.0620 Ba++ + 0.1240 Mg++ + 0.5430 K+ + 0.7610 Ca++ + 0.9540 Na+ + 3.4500 Al+++ + 6.9340 H2O + 14.5330 SiO2,25.8490,llnl
Ca1.7335Al3.45Fe.017Si14.533O36 +13.8680 H+  =  + 0.0170 Fe+++ + 1.7335 Ca++ + 3.4500 Al+++ + 6.9340 H2O + 14.5330 SiO2,28.6255,llnl
Cs3.467Al3.45Fe.017Si14.533O36 +13.8680 H+  =  + 0.0170 Fe+++ + 3.4500 Al+++ + 3.4670 Cs+ + 6.9340 H2O + 14.5330 SiO2,22.5771,llnl
K3.467Al3.45Fe.017Si14.533O36 +13.8680 H+  =  + 0.0170 Fe+++ + 3.4500 Al+++ + 3.4670 K+ + 6.9340 H2O + 14.5330 SiO2,24.6865,llnl
(NH4)3.467Al3.45Fe.017Si14.533O36 +10.4010 H+  =  + 0.0170 Fe+++ + 3.4500 Al+++ + 3.4670 NH3 + 6.9340 H2O + 14.5330 SiO2,-6.8441,llnl
Na3.467Al3.45Fe.017Si14.533O36 +13.8680 H+  =  + 0.0170 Fe+++ + 3.4500 Al+++ + 3.4670 Na+ + 6.9340 H2O + 14.5330 SiO2,28.4987,llnl
Sr1.7335Al3.45Fe.017Si14.533O36 +13.8680 H+  =  + 0.0170 Fe+++ + 1.7335 Sr++ + 3.4500 Al+++ + 6.9340 H2O + 14.5330 SiO2,28.4859,llnl
Ca1.7335Al3.45Fe.017Si14.533036 +13.8680 H+  =  + 0.0170 Fe+++ + 1.7335 Ca++ + 3.4500 Al+++ + 14.5330 SiO2 + 18.5790 H2O,-7.0108,llnl
Ca1.7335Al3.45Fe.017Si14.533O36:11.645H2O +13.8680 H+  =  + 0.0170 Fe+++ + 1.7335 Ca++ + 3.4500 Al+++ + 14.5330 SiO2 + 18.5790 H2O,-7.0108,llnl
Cs3.467Al3.45Fe.017Si14.533036 +13.8680 H+  =  + 0.0170 Fe+++ + 3.4500 Al+++ + 3.4670 Cs+ + 13.1640 H2O + 14.5330 SiO2,-13.0621,llnl
Cs3.467Al3.45Fe.017Si14.533O36:6.23H2O +13.8680 H+  =  + 0.0170 Fe+++ + 3.4500 Al+++ + 3.4670 Cs+ + 13.1640 H2O + 14.5330 SiO2,-13.0621,llnl
K3.467Al3.45Fe.017Si14.533036 +13.8680 H+  =  + 0.0170 Fe+++ + 3.4500 Al+++ + 3.4670 K+ + 14.4330 H2O + 14.5330 SiO2,-10.9523,llnl
K3.467Al3.45Fe.017Si14.533O36:7.499H2O +13.8680 H+  =  + 0.0170 Fe+++ + 3.4500 Al+++ + 3.4670 K+ + 14.4330 H2O + 14.5330 SiO2,-10.9523,llnl
Na3.467Al3.45Fe.017Si14.533036 +13.8680 H+  =  + 0.0170 Fe+++ + 3.4500 Al+++ + 3.4670 Na+ + 14.5330 SiO2 + 17.8110 H2O,-7.1384,llnl
Na3.467Al3.45Fe.017Si14.533O36:10.877H2O +13.8680 H+  =  + 0.0170 Fe+++ + 3.4500 Al+++ + 3.4670 Na+ + 14.5330 SiO2 + 17.8110 H2O,-7.1384,llnl
Sr1.7335Al3.45Fe.017Si14.533036 +13.8680 H+  =  + 0.0170 Fe+++ + 1.7335 Sr++ + 3.4500 Al+++ + 14.5330 SiO2 + 20.8270 H2O,-7.1498,llnl
Sr1.7335Al3.45Fe.017Si14.533O36:13.893H2O +13.8680 H+  =  + 0.0170 Fe+++ + 1.7335 Sr++ + 3.4500 Al+++ + 14.5330 SiO2 + 20.8270 H2O,-7.1498,llnl
CoFe2O4 +8.0000 H+  =  + 1.0000 Co++ + 2.0000 Fe+++ + 4.0000 H2O,0.8729,llnl
PbFe3(PO4)(SO4)(OH)6 +7.0000 H+  =  + 1.0000 HPO4-- + 1.0000 Pb++ + 1.0000 SO4-- + 3.0000 Fe+++ + 6.0000 H2O,-9.7951,llnl
Fe2Fe2SiO5(OH)4 +10.0000 H+  =  + 1.0000 SiO2 + 2.0000 Fe++ + 2.0000 Fe+++ + 7.0000 H2O,16.2603,llnl
Fe5AlAlSi3O10(OH)8 +16.0000 H+  =  + 2.0000 Al+++ + 3.0000 SiO2 + 5.0000 Fe++ + 12.0000 H2O,52.2821,llnl
Fe5AlAlSi3O10(OH)8 +16.0000 H+  =  + 2.0000 Al+++ + 3.0000 SiO2 + 5.0000 Fe++ + 12.0000 H2O,55.6554,llnl
CuFeO2 +4.0000 H+  =  + 1.0000 Cu+ + 1.0000 Fe+++ + 2.0000 H2O,-6.4172,llnl
Ca2FeAl2Si3O12OH +13.0000 H+  =  + 1.0000 Fe+++ + 2.0000 Al+++ + 2.0000 Ca++ + 3.0000 SiO2 + 7.0000 H2O,32.9296,llnl
FeCa2Al2(OH)(SiO4)3 +13.0000 H+  =  + 1.0000 Fe+++ + 2.0000 Al+++ + 2.0000 Ca++ + 3.0000 SiO2 + 7.0000 H2O,32.9296,llnl
Fe2SiO4 +4.0000 H+  =  + 1.0000 SiO2 + 2.0000 Fe++ + 2.0000 H2O,19.1113,llnl
Fe +2.0000 H+ +0.5000 O2  =  + 1.0000 Fe++ + 1.0000 H2O,59.0325,llnl
Fe(OH)2 +2.0000 H+  =  + 1.0000 Fe++ + 2.0000 H2O,13.9045,llnl
Fe(OH)3 +3.0000 H+  =  + 1.0000 Fe+++ + 3.0000 H2O,5.6556,llnl
Fe2(SO4)3  =  + 2.0000 Fe+++ + 3.0000 SO4--,3.2058,llnl
FeF2  =  + 1.0000 Fe++ + 2.0000 F-,-2.3817,llnl
FeF3  =  + 1.0000 Fe+++ + 3.0000 F-,-19.2388,llnl
FeO +2.0000 H+  =  + 1.0000 Fe++ + 1.0000 H2O,13.5318,llnl
FeSO4  =  + 1.0000 Fe++ + 1.0000 SO4--,2.6565,llnl
FeV2O4 +8.0000 H+  =  + 1.0000 Fe++ + 2.0000 V+++ + 4.0000 H2O,280.5528,llnl
CaFe2O4 +8.0000 H+  =  + 1.0000 Ca++ + 2.0000 Fe+++ + 4.0000 H2O,21.5217,llnl
CuFe2O4 +8.0000 H+  =  + 1.0000 Cu++ + 2.0000 Fe+++ + 4.0000 H2O,10.3160,llnl
Ca2Fe2O5 +10.0000 H+  =  + 2.0000 Ca++ + 2.0000 Fe+++ + 5.0000 H2O,56.8331,llnl
MgFe2O4 +8.0000 H+  =  + 1.0000 Mg++ + 2.0000 Fe+++ + 4.0000 H2O,21.0551,llnl
ZnFe2O4 +8.0000 H+  =  + 1.0000 Zn++ + 2.0000 Fe+++ + 4.0000 H2O,11.7342,llnl
FeSe2 +0.5000 H2O  =  + 0.2500 O2 + 1.0000 Fe+++ + 1.0000 H+ + 2.0000 Se--,-80.7998,llnl
FeSiO3 +2.0000 H+  =  + 1.0000 Fe++ + 1.0000 H2O + 1.0000 SiO2,7.4471,llnl
FeOOH +3.0000 H+  =  + 1.0000 Fe+++ + 2.0000 H2O,0.5345,llnl
Fe3Si2O5(OH)4 +6.0000 H+  =  + 2.0000 SiO2 + 3.0000 Fe++ + 5.0000 H2O,22.6701,llnl
CaFe(SiO3)2 +4.0000 H+  =  + 1.0000 Ca++ + 1.0000 Fe++ + 2.0000 H2O + 2.0000 SiO2,19.6060,llnl
Fe2O3 +6.0000 H+  =  + 2.0000 Fe+++ + 3.0000 H2O,0.1086,llnl
FeAl2O4 +8.0000 H+  =  + 1.0000 Fe++ + 2.0000 Al+++ + 4.0000 H2O,28.8484,llnl
FeTiO3 +2.0000 H+ +1.0000 H2O  =  + 1.0000 Fe++ + 1.0000 Ti(OH)4,0.9046,llnl
KFe3(SO4)2(OH)6 +6.0000 H+  =  + 1.0000 K+ + 2.0000 SO4-- + 3.0000 Fe+++ + 6.0000 H2O,-9.3706,llnl
NaFe3(SO4)2(OH)6 +6.0000 H+  =  + 1.0000 Na+ + 2.0000 SO4-- + 3.0000 Fe+++ + 6.0000 H2O,-5.4482,llnl
FeCl2  =  + 1.0000 Fe++ + 2.0000 Cl-,9.0945,llnl
Fe3O4 +8.0000 H+  =  + 1.0000 Fe++ + 2.0000 Fe+++ + 4.0000 H2O,10.4724,llnl
FeSO4:7H2O  =  + 1.0000 Fe++ + 1.0000 SO4-- + 7.0000 H2O,-2.3490,llnl
Fe3Si4O10(OH)2 +6.0000 H+  =  + 3.0000 Fe++ + 4.0000 H2O + 4.0000 SiO2,13.9805,llnl
FeCl3  =  + 1.0000 Fe+++ + 3.0000 Cl-,13.5517,llnl
NaFeO2 +4.0000 H+  =  + 1.0000 Fe+++ + 1.0000 Na+ + 2.0000 H2O,19.8899,llnl
Ca.165Fe2Al.33Si3.67H2O12 +7.3200 H+  =  + 0.1650 Ca++ + 0.3300 Al+++ + 2.0000 Fe+++ + 3.6700 SiO2 + 4.6600 H2O,-11.5822,llnl
Cs.33Si4Fe1.67Mg.33H2O12 +6.0000 H+  =  + 0.3300 Cs+ + 0.3300 Mg++ + 1.6700 Fe+++ + 4.0000 H2O + 4.0000 SiO2,5.7975,llnl
H.33Fe2Al.33Si3.67H2O12 +6.9900 H+  =  + 0.3300 Al+++ + 2.0000 Fe+++ + 3.6700 SiO2 + 4.6600 H2O,-12.5401,llnl
K.33Fe2Al.33Si3.67H2O12 +7.3200 H+  =  + 0.3300 Al+++ + 0.3300 K+ + 2.0000 Fe+++ + 3.6700 SiO2 + 4.6600 H2O,-11.8648,llnl
Mg.165Fe2Al.33Si3.67H2O12 +7.3200 H+  =  + 0.1650 Mg++ + 0.3300 Al+++ + 2.0000 Fe+++ + 3.6700 SiO2 + 4.6600 H2O,-11.6200,llnl
Na.33Fe2Al.33Si3.67H2O12 +7.3200 H+  =  + 0.3300 Al+++ + 0.3300 Na+ + 2.0000 Fe+++ + 3.6700 SiO2 + 4.6600 H2O,-11.5263,llnl
FeS2 +1.0000 H2O  =  + 0.2500 H+ + 0.2500 SO4-- + 1.0000 Fe++ + 1.7500 HS-,-24.6534,llnl
FeS +1.0000 H+  =  + 1.0000 Fe++ + 1.0000 HS-,-3.7193,llnl
Mg3Fe2Al2Si3O10(OH)8 +16.0000 H+  =  + 2.0000 Al+++ + 2.0000 Fe++ + 3.0000 Mg++ + 3.0000 SiO2 + 12.0000 H2O,60.9638,llnl
Mg3Fe2Al2Si3O10(OH)8 +16.0000 H+  =  + 2.0000 Al+++ + 2.0000 Fe++ + 3.0000 Mg++ + 3.0000 SiO2 + 12.0000 H2O,64.3371,llnl
FeCO3 +1.0000 H+  =  + 1.0000 Fe++ + 1.0000 HCO3-,-0.1920,llnl
Ca.025Na.1K.2Fe++.5Fe+++.2Mg1.15Al1.25Si3.5H2O12 +8.0000 H+  =  + 0.0250 Ca++ + 0.1000 Na+ + 0.2000 Fe+++ + 0.2000 K+ + 0.5000 Fe++ + 1.1500 Mg++ + 1.2500 Al+++ + 3.5000 SiO2 + 5.0000 H2O,17.4200,llnl
Ca.025Na.1K.2Fe.5Fe.2Mg1.15Al1.25Si3.5H2O12 +8.0000 H+  =  + 0.0250 Ca++ + 0.1000 Na+ + 0.2000 Fe+++ + 0.2000 K+ + 0.5000 Fe++ + 1.1500 Mg++ + 1.2500 Al+++ + 3.5000 SiO2 + 5.0000 H2O,17.4200,llnl
Ca.02Na.15K.2Fe++.29Fe+++.16Mg.9Al1.25Si3.75H2O1 +7.0000 H+  =  + 0.0200 Ca++ + 0.1500 Na+ + 0.1600 Fe+++ + 0.2000 K+ + 0.2900 Fe++ + 0.9000 Mg++ + 1.2500 Al+++ + 3.7500 SiO2 + 4.5000 H2O,11.0405,llnl
Ca.02Na.15K.2Fe.29Fe.16Mg.9Al1.25Si3.75H2O12 +7.0000 H+  =  + 0.0200 Ca++ + 0.1500 Na+ + 0.1600 Fe+++ + 0.2000 K+ + 0.2900 Fe++ + 0.9000 Mg++ + 1.2500 Al+++ + 3.7500 SiO2 + 4.5000 H2O,11.0405,llnl
FePO4:2H2O +1.0000 H+  =  + 1.0000 Fe+++ + 1.0000 HPO4-- + 2.0000 H2O,-11.3429,llnl
NiFe2O4 +8.0000 H+  =  + 1.0000 Ni++ + 2.0000 Fe+++ + 4.0000 H2O,9.7876,llnl
FeS +1.0000 H+  =  + 1.0000 Fe++ + 1.0000 HS-,-3.8184,llnl
Fe3(PO4)2:8H2O +2.0000 H+  =  + 2.0000 HPO4-- + 3.0000 Fe++ + 8.0000 H2O,-4.7237,llnl
Fe.947O +2.0000 H+  =  + 0.1060 Fe+++ + 0.8410 Fe++ + 1.0000 H2O,12.4113,llnl
Fe+2 + 2X- = FeX2,0.44,llnl
Hfo_sOH + Fe+2 = Hfo_sOFe+ + H+,0.7     # LFER using table 10.5,llnl
Hfo_wOH + Fe+2 = Hfo_wOFe+ + H+,-2.5      # LFER using table 10.5,llnl
Fe+2 = Fe+2,0.0,wate
Fe+2 = Fe+3 + e-,-13.020,wate
Fe+3 + H2O = FeOH+2 + H+,-2.19,wate
Fe+2 + H2O = FeOH+ + H+,-9.5,wate
Fe+2 + 3H2O = Fe(OH)3- + 3H+,-31.0,wate
Fe+3 + SO4-2 = FeSO4+,4.04,wate
Fe+3 + Cl- = FeCl+2,1.48,wate
Fe+3 + 2Cl- = FeCl2+,2.13,wate
Fe+3 + 3Cl- = FeCl3,1.13,wate
Fe+2 + SO4-2 = FeSO4,2.25,wate
Fe+3 + 2H2O = Fe(OH)2+ + 2H+,-5.67,wate
Fe+3 + 3H2O = Fe(OH)3 + 3H+,-12.56,wate
Fe+3 + 4H2O = Fe(OH)4- + 4H+,-21.6,wate
Fe+2 + 2H2O = Fe(OH)2 + 2H+,-20.57,wate
Fe+2 + H2PO4- = FeH2PO4+,2.7,wate
Fe+2 + HPO4-2 = FeHPO4,3.6,wate
Fe+3 + HPO4-2 = FeHPO4+,5.43,wate
Fe+2 + HSO4- = FeHSO4+,1.08,wate
Fe+3 + H2PO4- = FeH2PO4+2,5.43,wate
Fe+3 + HSO4- = FeHSO4+2,2.48,wate
Fe+3 + F- = FeF+2,6.2,wate
Fe+3 + 2F- = FeF2+,10.8,wate
Fe+3 + 3F- = FeF3,14.0,wate
Fe+3 + 2SO4-2 = Fe(SO4)2-,5.38,wate
2Fe+3 + 2H2O = Fe2(OH)2+4 + 2H+,-2.95,wate
3Fe+3 + 4H2O = Fe3(OH)4+5 + 4H+,-6.3,wate
Fe+2 + F- = FeF+,1.0,wate
Fe+2 + 2HS- = Fe(HS)2,8.95,wate
Fe+2 + 3HS- = Fe(HS)3-,10.987,wate
Fe+3 + Fulvate-2 = FeFulvate+,9.4,wate
Fe+3 + Humate-2 = FeHumate+,9.4,wate
Fe+2 + Cl- = FeCl+,0.14,wate
Fe+2 + HCO3- = FeHCO3+,2.0,wate
Fe+2 + CO3-2 = FeCO3,4.38,wate
FeCO3 = Fe+2 + CO3-2,-10.45,wate
FeS + H+ = Fe+2 + HS-,-4.648,wate
FeCO3 = Fe+2 + CO3-2,-10.89,wate
Fe3(PO4)2:8H2O = 3Fe+2 + 2PO4-3 + 8H2O,-36.0,wate
Fe3O4 + 8H+ = 2Fe+3 + Fe+2 + 4H2O,3.737,wate
Fe2O3 + 6H+ = 2Fe+3 + 3H2O,-4.008,wate
Fe2O3 + 6H+ = 2Fe+3 + 3H2O,6.386,wate
FeOOH + 3H+ = Fe+3 + 2H2O,-1.0,wate
Fe3Si2O5(OH)4 + 6H+ = 3Fe+2 + 2 H4SiO4 + H2O,20.810,wate
Fe(OH)3 + 3H+ = Fe+3 + 3H2O,4.891,wate
KFe3AlSi3O10(OH)2 + 10H2O = K+ + 3Fe+2 + Al(OH)4- + 3H4SiO4 + 6OH-,-85.645,wate
FeS2 + 2H+ + 2e- = Fe+2 + 2HS-,-18.479,wate
(HNaK)0.09Mg0.29Fe0.24Al1.57Si3.93O10(OH)2 + 10H2O = 0.09H+ + 0.09Na+ + 0.09K+ + 0.29Mg+2 + 0.24Fe+3 + 1.57Al(OH)4- + 3.93H4SiO4,-34.913,wate
(HNaK)0.14Mg0.45Fe0.33Al1.47Si3.82O10(OH)2 + 9.16H2O + 0.84H+ = 0.14H+ + 0.14Na+ + 0.14K+ + 0.45Mg+2 + 0.33Fe+3 + 1.47Al(OH)4- + 3.82H4SiO4,-29.688,wate
Fe3S4 + 4H+ = 2Fe+3 + Fe+2 + 4HS-,-45.035,wate
FeS + H+ = Fe+2 + HS-,-3.915,wate
(K0.77Na0.03H0.2)Fe3(SO4)2(OH)6 + 5.8H+ = 0.77K+ + 0.03Na+ + 3Fe+3 + 2SO4-2 + 6H2O,"-9.83   # WATEQ4F, Alpers",wate
FePO4:2H2O = Fe+3 + PO4-3 + 2H2O,-26.4,wate
Fe(OH)2.7Cl0.3 + 2.7H+ = Fe+3 + 2.7H2O + 0.3 Cl-,-3.040,wate
NaFe3(SO4)2(OH)6 + 6H+ = Na+ + 3Fe+3 + 2SO4-2 + 6H2O,-5.280,wate
KFe3(SO4)2(OH)6 + 6H+ = K+ + 3Fe+3 + 2SO4-2 + 6H2O,-9.21,wate
CuFeO2 + 4H+ = Cu+ + Fe+3 + 2H2O,-8.920,wate
CuFe2O4 + 8H+ = Cu+2 + 2Fe+3 + 4H2O,5.880,wate
CuFeS2 + 2H+ = Cu+2 + Fe+2 + 2HS-,-35.270,wate
(H3O)Fe3(SO4)2(OH)6 + 5H+ = 3Fe+3 + 2SO4-2 + 7H2O,-5.390,wate
FeSO4:7H2O = Fe+2 + SO4-2 + 7H2O,-2.209,wate
Fe3(OH)8 + 8H+ = 2Fe+3 + Fe+2 + 8H2O,20.222,wate
FeAsO4:2H2O = Fe+3 + AsO4-3 + 2H2O,-20.249,wate
FeSe2 + 2H+ + 2e- = Fe+2 + 2HSe-,-18.580,wate
Fe2(SeO3)3 = 2Fe+3 + 3SeO3-2,-35.430,wate
Fe(UO2)2(PO4)2 = Fe+2 + 2UO2+2 + 2PO4-3,-44.485,wate
Fe+2 + 2X- = FeX2,0.44,wate
Hfo_sOH + Fe+2 = Hfo_sOFe+ + H+,0.7     # LFER using table 10.5,wate
Hfo_wOH + Fe+2 = Hfo_wOFe+ + H+,-2.5      # LFER using table 10.5,wate
Hfo_sOH + Fe+2 = Hfo_sOFe+ + H+,-0.95,wate
Hfo_wOH + Fe+2 = Hfo_wOFe+ + H+,-2.98,wate
Hfo_wOH + Fe+2 + H2O = Hfo_wOFeOH + 2H+,-11.55,wate
Fe+2 = Fe+2,0.0,Tipp
Fe+2 = Fe+3 + e-,-13.020,Tipp
Fe+3 + H2O = FeOH+2 + H+,-2.19,Tipp
Fe+2 + H2O = FeOH+ + H+,-9.5,Tipp
Fe+2 + 3H2O = Fe(OH)3- + 3H+,-31.0,Tipp
Fe+3 + SO4-2 = FeSO4+,4.04,Tipp
Fe+3 + Cl- = FeCl+2,1.48,Tipp
Fe+3 + 2Cl- = FeCl2+,2.13,Tipp
Fe+3 + 3Cl- = FeCl3,1.13,Tipp
Fe+2 + SO4-2 = FeSO4,2.25,Tipp
Fe+3 + 2H2O = Fe(OH)2+ + 2H+,-5.67,Tipp
Fe+3 + 3H2O = Fe(OH)3 + 3H+,-12.56,Tipp
Fe+3 + 4H2O = Fe(OH)4- + 4H+,-21.6,Tipp
Fe+2 + 2H2O = Fe(OH)2 + 2H+,-20.57,Tipp
Fe+2 + H2PO4- = FeH2PO4+,2.7,Tipp
Fe+2 + HPO4-2 = FeHPO4,3.6,Tipp
Fe+3 + HPO4-2 = FeHPO4+,5.43,Tipp
Fe+2 + HSO4- = FeHSO4+,1.08,Tipp
Fe+3 + H2PO4- = FeH2PO4+2,5.43,Tipp
Fe+3 + HSO4- = FeHSO4+2,2.48,Tipp
Fe+3 + F- = FeF+2,6.2,Tipp
Fe+3 + 2F- = FeF2+,10.8,Tipp
Fe+3 + 3F- = FeF3,14.0,Tipp
Fe+3 + 2SO4-2 = Fe(SO4)2-,5.38,Tipp
2Fe+3 + 2H2O = Fe2(OH)2+4 + 2H+,-2.95,Tipp
3Fe+3 + 4H2O = Fe3(OH)4+5 + 4H+,-6.3,Tipp
Fe+2 + F- = FeF+,1.0,Tipp
Fe+2 + 2HS- = Fe(HS)2,8.95,Tipp
Fe+2 + 3HS- = Fe(HS)3-,10.987,Tipp
Fe+3 + Fulvate-2 = FeFulvate+,9.4,Tipp
Fe+3 + Humate-2 = FeHumate+,9.4,Tipp
Fe+2 + Cl- = FeCl+,0.14,Tipp
Fe+2 + HCO3- = FeHCO3+,2.0,Tipp
Fe+2 + CO3-2 = FeCO3,4.38,Tipp
FeCO3 = Fe+2 + CO3-2,-10.45,Tipp
FeS + H+ = Fe+2 + HS-,-4.648,Tipp
FeCO3 = Fe+2 + CO3-2,-10.89,Tipp
Fe3(PO4)2:8H2O = 3Fe+2 + 2PO4-3 + 8H2O,-36.0,Tipp
Fe3O4 + 8H+ = 2Fe+3 + Fe+2 + 4H2O,3.737,Tipp
Fe2O3 + 6H+ = 2Fe+3 + 3H2O,-4.008,Tipp
Fe2O3 + 6H+ = 2Fe+3 + 3H2O,6.386,Tipp
FeOOH + 3H+ = Fe+3 + 2H2O,-1.0,Tipp
Fe3Si2O5(OH)4 + 6H+ = 3Fe+2 + 2 H4SiO4 + H2O,20.810,Tipp
Fe(OH)3 + 3H+ = Fe+3 + 3H2O,4.891,Tipp
KFe3AlSi3O10(OH)2 + 10H2O = K+ + 3Fe+2 + Al(OH)4- + 3H4SiO4 + 6OH-,-85.645,Tipp
FeS2 + 2H+ + 2e- = Fe+2 + 2HS-,-18.479,Tipp
(HNaK)0.09Mg0.29Fe0.24Al1.57Si3.93O10(OH)2 + 10H2O = 0.09H+ + 0.09Na+ + 0.09K+ + 0.29Mg+2 + 0.24Fe+3 + 1.57Al(OH)4- + 3.93H4SiO4,-34.913,Tipp
(HNaK)0.14Mg0.45Fe0.33Al1.47Si3.82O10(OH)2 + 9.16H2O + 0.84H+ = 0.14H+ + 0.14Na+ + 0.14K+ + 0.45Mg+2 + 0.33Fe+3 + 1.47Al(OH)4- + 3.82H4SiO4,-29.688,Tipp
Fe3S4 + 4H+ = 2Fe+3 + Fe+2 + 4HS-,-45.035,Tipp
FeS + H+ = Fe+2 + HS-,-3.915,Tipp
(K0.77Na0.03H0.2)Fe3(SO4)2(OH)6 + 5.8H+ = 0.77K+ + 0.03Na+ + 3Fe+3 + 2SO4-2 + 6H2O,"-9.83   # WATEQ4F, Alpers",Tipp
FePO4:2H2O = Fe+3 + PO4-3 + 2H2O,-26.4,Tipp
Fe(OH)2.7Cl0.3 + 2.7H+ = Fe+3 + 2.7H2O + 0.3 Cl-,-3.040,Tipp
NaFe3(SO4)2(OH)6 + 6H+ = Na+ + 3Fe+3 + 2SO4-2 + 6H2O,-5.280,Tipp
KFe3(SO4)2(OH)6 + 6H+ = K+ + 3Fe+3 + 2SO4-2 + 6H2O,-9.21,Tipp
CuFeO2 + 4H+ = Cu+ + Fe+3 + 2H2O,-8.920,Tipp
CuFe2O4 + 8H+ = Cu+2 + 2Fe+3 + 4H2O,5.880,Tipp
CuFeS2 + 2H+ = Cu+2 + Fe+2 + 2HS-,-35.270,Tipp
(H3O)Fe3(SO4)2(OH)6 + 5H+ = 3Fe+3 + 2SO4-2 + 7H2O,-5.390,Tipp
FeSO4:7H2O = Fe+2 + SO4-2 + 7H2O,-2.209,Tipp
Fe3(OH)8 + 8H+ = 2Fe+3 + Fe+2 + 8H2O,20.222,Tipp
FeAsO4:2H2O = Fe+3 + AsO4-3 + 2H2O,-20.249,Tipp
FeSe2 + 2H+ + 2e- = Fe+2 + 2HSe-,-18.580,Tipp
Fe2(SeO3)3 = 2Fe+3 + 3SeO3-2,-35.430,Tipp
Fe(UO2)2(PO4)2 = Fe+2 + 2UO2+2 + 2PO4-3,-44.485,Tipp
Fe+2 + 2X- = FeX2,0.44,Tipp
Hfo_sOH + Fe+2 = Hfo_sOFe+ + H+,0.7     # LFER using table 10.5,Tipp
Hfo_wOH + Fe+2 = Hfo_wOFe+ + H+,-2.5      # LFER using table 10.5,Tipp
Hfo_sOH + Fe+2 = Hfo_sOFe+ + H+,-0.95,Tipp
Hfo_wOH + Fe+2 = Hfo_wOFe+ + H+,-2.98,Tipp
Hfo_wOH + Fe+2 + H2O = Hfo_wOFeOH + 2H+,-11.55,Tipp
Fe+2 = Fe+2,0.000,iso
Fe+2 + 2H2O = FeOH+ + H3O+,-9.500,iso
Fe+2 + Cl- = FeCl+,0.140,iso
Fe+2 + CO3-2 = FeCO3,4.380,iso
Fe+2 + HCO3- = FeHCO3+,2.0,iso
Fe+2 + SO4-2 = FeSO4,2.250,iso
Fe+2 + HSO4- = FeHSO4+,1.08,iso
Fe+2 + 2HS- = Fe(HS)2,8.95,iso
Fe+2 + 3HS- = Fe(HS)3-,10.987,iso
Fe+2 + HPO4-2 = FeHPO4,3.6,iso
Fe+2 + H2PO4- = FeH2PO4+,2.7,iso
Fe+2 + F- = FeF+,1.000,iso
Fe+2 = Fe+3 + e-,-13.020,iso
Fe+3 + 2H2O = FeOH+2 + H3O+,-2.19,iso
Fe+3 + 4H2O = Fe(OH)2+ + 2 H3O+,-5.67,iso
Fe+3 + 6 H2O = Fe(OH)3 + 3 H3O+,-12.56,iso
Fe+3 + 8 H2O = Fe(OH)4- + 4 H3O+,-21.6,iso
2 Fe+3 + 4 H2O = Fe2(OH)2+4 + 2 H3O+,-2.95,iso
3 Fe+3 + 8 H2O = Fe3(OH)4+5 + 4 H3O+,-6.3,iso
Fe+3 + Cl- = FeCl+2,1.48,iso
Fe+3 + 2 Cl- = FeCl2+,2.13,iso
Fe+3 + 3 Cl- = FeCl3,1.13,iso
Fe+3 + SO4-2 = FeSO4+,4.04,iso
Fe+3 + HSO4- = FeHSO4+2,2.48,iso
Fe+3 + 2 SO4-2 = Fe(SO4)2-,5.38,iso
Fe+3 + HPO4-2 = FeHPO4+,5.43,iso
Fe+3 + H2PO4- = FeH2PO4+2,5.43,iso
Fe+3 + F- = FeF+2,6.2,iso
Fe+3 + 2 F- = FeF2+,10.8,iso
Fe+3 + 3 F- = FeF3,14.0,iso
FeCO3 = Fe+2 + CO3-2,-10.890,iso
Fe2O3 + 6 H3O+ = 2 Fe+3 + 9 H2O,-4.008,iso
FeOOH + 3 H3O+ = Fe+3 + 5 H2O,-1.000,iso
Fe(OH)3 + 3 H3O+ = Fe+3 + 6 H2O,4.891,iso
FeS2 + 2H3O+ + 2e- = Fe+2 + 2HS- + 2H2O,-18.479,iso
FeS + H3O+ = Fe+2 + HS- + H2O,-3.915,iso
FeS + H3O+ = Fe+2 + HS- + H2O,-4.648,iso
Fe3(PO4)2:8H2O = 3 Fe+2 + 2 PO4-3 + 8 H2O,-36.000,iso
FeSO4:7H2O = 7 H2O + Fe+2 + SO4-2,-2.209,iso
KFe3(SO4)2(OH)6 + 6 H3O+ = 3 Fe+3 + 12 H2O + K+ + 2 SO4-2,-9.210,iso
Fe+2 + 2X- = FeX2,0.44,iso
Hfo_sOH + Fe+2 + H2O = Hfo_sOFe+ + H3O+,0.7     # LFER using table 10.5,iso
Hfo_wOH + Fe+2 + H2O = Hfo_wOFe+ + H3O+,-2.5      # LFER using table 10.5,iso
Hfo_sOH + Fe+2 + H2O = Hfo_sOFe+ + H3O+,-0.95,iso
Hfo_wOH + Fe+2 + H2O = Hfo_wOFe+ + H3O+,-2.98,iso
Hfo_wOH + Fe+2 + 3H2O = Hfo_wOFeOH + 2H3O+,-11.55,iso
Fe+2 + 2X- = FeX2,0.44,pitz
Hfo_sOH + Fe+2 = Hfo_sOFe+ + H+,0.7     # LFER using table 10.5,pitz
Hfo_wOH + Fe+2 = Hfo_wOFe+ + H+,-2.5      # LFER using table 10.5,pitz
Hfo_sOH + Fe+2 = Hfo_sOFe+ + H+,-0.95,pitz
Hfo_wOH + Fe+2 = Hfo_wOFe+ + H+,-2.98,pitz
Hfo_wOH + Fe+2 + H2O = Hfo_wOFeOH + 2H+,-11.55,pitz
Fe+2 + H2O = FeOH+ + H+,-9.5,phre
Fe+2 + 3H2O = Fe(OH)3- + 3H+,-31.0,phre
Fe+2 + Cl- = FeCl+,0.14,phre
Fe+2 + CO3-2 = FeCO3,4.38,phre
Fe+2 + HCO3- = FeHCO3+,2.0,phre
Fe+2 + SO4-2 = FeSO4,2.25,phre
Fe+2 + HSO4- = FeHSO4+,1.08,phre
Fe+2 + 2HS- = Fe(HS)2,8.95,phre
Fe+2 + 3HS- = Fe(HS)3-,10.987,phre
Fe+2 + HPO4-2 = FeHPO4,3.6,phre
Fe+2 + H2PO4- = FeH2PO4+,2.7,phre
Fe+2 + F- = FeF+,1.0,phre
Fe+2 = Fe+3 + e-,-13.02,phre
Fe+3 + H2O = FeOH+2 + H+,-2.19,phre
Fe+3 + 2 H2O = Fe(OH)2+ + 2 H+,-5.67,phre
Fe+3 + 3 H2O = Fe(OH)3 + 3 H+,-12.56,phre
Fe+3 + 4 H2O = Fe(OH)4- + 4 H+,-21.6,phre
Fe+2 + 2H2O = Fe(OH)2 + 2H+,-20.57,phre
2 Fe+3 + 2 H2O = Fe2(OH)2+4 + 2 H+,-2.95,phre
3 Fe+3 + 4 H2O = Fe3(OH)4+5 + 4 H+,-6.3,phre
Fe+3 + Cl- = FeCl+2,1.48,phre
Fe+3 + 2 Cl- = FeCl2+,2.13,phre
Fe+3 + 3 Cl- = FeCl3,1.13,phre
Fe+3 + SO4-2 = FeSO4+,4.04,phre
Fe+3 + HSO4- = FeHSO4+2,2.48,phre
Fe+3 + 2 SO4-2 = Fe(SO4)2-,5.38,phre
Fe+3 + HPO4-2 = FeHPO4+,5.43,phre
Fe+3 + H2PO4- = FeH2PO4+2,5.43,phre
Fe+3 + F- = FeF+2,6.2,phre
Fe+3 + 2 F- = FeF2+,10.8,phre
Fe+3 + 3 F- = FeF3,14.0,phre
FeCO3 = Fe+2 + CO3-2,-10.89,phre
Fe2O3 + 6 H+ = 2 Fe+3 + 3 H2O,-4.008,phre
FeOOH + 3 H+ = Fe+3 + 2 H2O,-1.0,phre
Fe(OH)3 + 3 H+ = Fe+3 + 3 H2O,4.891,phre
FeS2 + 2 H+ + 2 e- = Fe+2 + 2 HS-,-18.479,phre
FeS + H+ = Fe+2 + HS-,-3.915,phre
FeS + H+ = Fe+2 + HS-,-4.648,phre
Fe3(PO4)2:8H2O = 3 Fe+2 + 2 PO4-3 + 8 H2O,-36.0,phre
FeSO4:7H2O = 7 H2O + Fe+2 + SO4-2,-2.209,phre
KFe3(SO4)2(OH)6 + 6 H+ = 3 Fe+3 + 6 H2O + K+ + 2 SO4-2,-9.21,phre
Fe+2 + 2X- = FeX2,0.44,phre
Hfo_sOH + Fe+2 = Hfo_sOFe+ + H+,-0.95,phre
Hfo_wOH + Fe+2 = Hfo_wOFe+ + H+,-2.98,phre
Hfo_wOH + Fe+2 + H2O = Hfo_wOFeOH + 2H+,-11.55,phre
Fe+3 = Fe+3,0,min
Fe+3 + e- = Fe+2,13.032,min
Fe+2 + H2O = FeOH+ + H+,-9.5,min
Fe+2 + 3H2O = Fe(OH)3- + 3H+,-31,min
Fe+2 + SO4-2 = FeSO4,2.25,min
Fe+2 + PO4-3 + 2H+ = FeH2PO4+,22.253,min
Fe+2 + 2H2O = Fe(OH)2 + 2H+,-20.57,min
Fe+2 + PO4-3 + H+ = FeHPO4,15.95,min
Fe+2 + 2HS- = Fe(HS)2,8.95,min
Fe+2 + 3HS- = Fe(HS)3-,10.987,min
Fe+3 + H2O = FeOH+2 + H+,-2.19,min
Fe+3 + PO4-3 + H+ = FeHPO4+,17.78,min
Fe+3 + SO4-2 = FeSO4+,3.92,min
Fe+3 + Cl- = FeCl+2,1.48,min
Fe+3 + 2Cl- = FeCl2+,2.13,min
Fe+3 + 3Cl- = FeCl3,1.13,min
Fe+3 + 2H2O = Fe(OH)2+ + 2H+,-5.67,min
Fe+3 + 3H2O = Fe(OH)3 + 3H+,-13.6,min
Fe+3 + 4H2O = Fe(OH)4- + 4H+,-21.6,min
Fe+3 + PO4-3 + 2H+ = FeH2PO4+2,24.98,min
Fe+3 + F- = FeF+2,6.199,min
Fe+3 + 2F- = FeF2+,10.8,min
Fe+3 + 3F- = FeF3,14,min
Fe+3 + 2SO4-2 = Fe(SO4)2-,5.42,min
2Fe+3 + 2H2O = Fe2(OH)2+4 + 2H+,-2.95,min
3Fe+3 + 4H2O = Fe3(OH)4+5 + 4H+,-6.3,min
HSeO3- + Fe+3 = FeHSeO3+2,3.61,min
Ba+2 + Fe+3 + 6Cyanide- = BaFe(Cyanide)6-,55.4356,min
Ca+2 + H+ + Fe+2 + 6Cyanide- + e- = CaHFe(Cyanide)6-2,52.7097,min
K+ + Fe+2 + 6Cyanide- = KFe(Cyanide)6-3,48.1204,min
2K+ + Fe+2 + 6Cyanide- = K2Fe(Cyanide)6-2,48.978,min
K+ + H+ + Fe+2 + 6Cyanide- = KHFe(Cyanide)6-2,51.4702,min
2Li+ + Fe+2 + 6Cyanide- = Li2Fe(Cyanide)6-2,48.5338,min
Li+ + H+ + Fe+2 + 6Cyanide- = LiHFe(Cyanide)6-2,51.2188,min
NH4+ + Fe+2 + 6Cyanide- = NH4Fe(Cyanide)6-3,48.0684,min
NH4+ + H+ + Fe+2 + 6Cyanide- = NH5Fe(Cyanide)6-2,51.4035,min
Na+ + Fe+2 + 6Cyanide- = NaFe(Cyanide)6-3,47.9885,min
2Na+ + Fe+2 + 6Cyanide- = Na2Fe(Cyanide)6-2,48.7435,min
Na+ + H+ + Fe+2 + 6Cyanide- = NaHFe(Cyanide)6-2,51.4335,min
2NH4+ + Fe+2 + 6Cyanide- = (NH4)2FeCyanide6-2,48.8666,min
6Cyanide- + 2K+ + 2H+ + Fe+2 = K2H2Fe(Cyanide)6,52.3058,min
6Cyanide- + Ca+2 + Fe+3 = CaFe(Cyanide)6-,55.473,min
6Cyanide- + Ca+2 + Fe+2 = CaFe(Cyanide)6-2,49.6898,min
6Cyanide- + 2Ca+2 + Fe+2 = Ca2Fe(Cyanide)6,50.9952,min
6Cyanide- + Fe+2 = Fe(Cyanide)6-4,45.6063,min
6Cyanide- + Fe+2 + H+ = HFe(Cyanide)6-3,49.9969,min
6Cyanide- + 2H+ + Fe+2 = H2Fe(Cyanide)6-2,52.445,min
6Cyanide- + Fe+3 = Fe(Cyanide)6-3,52.6283,min
6Cyanide- + 3K+ + H+ + Fe+2 = K3HFe(Cyanide)6,50.2241,min
6Cyanide- + Li+ + Fe+2 = LiFe(Cyanide)6-3,47.6858,min
6Cyanide- + Mg+2 + Fe+3 = MgFe(Cyanide)6-,55.3916,min
6Cyanide- + Mg+2 + Fe+2 = MgFe(Cyanide)6-2,49.4251,min
Sr+2 + Fe+3 + 6Cyanide- = SrFe(Cyanide)6-,55.6181,min
6Cyanide- + Tl+ + Fe+2 = TlFe(Cyanide)6-3,48.7508,min
6Cyanide- + 2Fe+3 = Fe2(Cyanide)6,56.9822,min
6Cyanide- + Fe+2 + Ba+2 = BaFe(Cyanide)6-2,49.4032,min
Propanoate- + Fe+3 = FePropanoate+2,3.4,min
Isobutyrate- + Fe+3 = FeIsobutyrate+2,3.6,min
Butanoate- + Fe+3 = FeButanoate+2,5.56,min
Isovalerate- + Fe+3 = FeIsovalerate+2,5.58,min
Valerate- + Fe+3 = FeValerate+2,5.58,min
Fe+2 + Citrate-3 = FeCitrate-,5.7,min
Fe+2 + Citrate-3 + H+ = FeCitrateH,3.5,min
Fe+3 + Citrate-3 = FeCitrate,12.55,min
Fe+3 + Citrate-3 + H+ = FeCitrateH+,19.8,min
Fe+2 + Ethylenediamine = FeEthylenediamine+2,4.36,min
Fe+2 + 2Ethylenediamine = FeEthylenediamine2+2,7.65,min
Fe+2 + 3Ethylenediamine = FeEthylenediamine3+2,9.68,min
Fe+2 + Acetate- = FeAcetate+,1.4,min
Fe+3 + Acetate- = FeAcetate+2,3.21,min
Fe+3 + 2Acetate- = FeAcetate2+,6.5,min
Fe+3 + 3Acetate- = FeAcetate3,8.3,min
Fe+3 + Edta-4 = FeEdta-,27.7,min
Fe+2 + Edta-4 = FeEdta-2,16.1,min
Fe+3 + Edta-4 + H+ = FeHEdta,29.2,min
Fe+2 + Edta-4 + H+ = FeHEdta-,19.3,min
Fe+3 + Edta-4 + H2O = FeOHEdta-2 + H+,19.8,min
Fe+3 + Edta-4 + 2H2O = Fe(OH)2Edta-3 + 2H+,9.7,min
Fe+2 + Edta-4 + H2O = FeOHEdta-3 + H+,6.4,min
Fe+2 + Edta-4 + 2H2O = Fe(OH)2Edta-4 + 2H+,-4.3,min
Fe(UO2)2(PO4)2 = 2UO2+2 + Fe+2 + 2PO4-3,-44.485,min
Fe(OH)3 + 3H+ = Fe+3 + 3H2O,4.891,min
Fe3(OH)8 + 8H+ = 2Fe+3 + Fe+2 + 8H2O,20.222,min
Fe(OH)2.7Cl0.3 + 2.7H+ = Fe+3 + 2.7H2O + 0.3Cl-,-3.04,min
FeS + H+ = Fe+2 + HS-,-3.915,min
Fe2(SO4)3 = 2Fe+3 + 3SO4-2,3.58,min
FeOOH + 3H+ = Fe+3 + 2H2O,0.5,min
Fe3Si2O5(OH)4 + 6H+ = 3Fe+2 + 2H4SiO4 + H2O,20.81,min
Fe3S4 + 4H+ = 2Fe+3 + Fe+2 + 4HS-,-45.035,min
Fe2O3 + 6H+ = 2Fe+3 + 3H2O,-4.008,min
NaFe3(SO4)2(OH)6 + 6H+ = Na+ + 3Fe+3 + 2SO4-2 + 6H2O,-11.2,min
KFe3(SO4)2(OH)6 + 6H+ = K+ + 3Fe+3 + 2SO4-2 + 6H2O,-14.8,min
(H3O)Fe3(SO4)2(OH)6 + 5H+ = 3Fe+3 + 2SO4-2 + 7H2O,-12.1,min
FeS + H+ = Fe+2 + HS-,-4.648,min
Fe2O3 + 6H+ = 2Fe+3 + 3H2O,6.386,min
Fe3O4 + 8H+ = 2Fe+3 + Fe+2 + 4H2O,3.737,min
FeSO4:7H2O = Fe+2 + SO4-2 + 7H2O,-2.47,min
FeS2 + 2H+ + 2e- = Fe+2 + 2HS-,-18.479,min
FeCO3 = Fe+2 + CO3-2,-10.55,min
FePO4:2H2O = Fe+3 + PO4-3 + 2H2O,-26.4,min
Fe3(PO4)2:8H2O = 3Fe+2 + 2PO4-3 + 8H2O,-36,min
CuFeO2 + 4H+ = Cu+ + Fe+3 + 2H2O,-8.92,min
CuFe2O4 + 8H+ = Cu+2 + 2Fe+3 + 4H2O,5.88,min
CuFeS2 + 2H+ = Cu+2 + Fe+2 + 2HS-,-35.27,min
KFe3AlSi3O10(OH)2 + 10H+ = K+ + 3Fe+2 + Al+3 + 3H4SiO4,23.29,min
FeAsO4:2H2O + 3H+ = Fe+3 + H3AsO4 + 2H2O,0.4,min
Fe0.5VO3 + 2H+ = 0.5Fe+2 + VO2+ + H2O,-1.86,min
WUSTITE + 2H+ = 0.947Fe+2 + H2O,11.687,min
FeAl2O4 + 8H+ = Fe+2 + 2Al+3 + 4H2O,27.162,min
MgFe2O4 + 8H+ = Mg+2 + 2Fe+3 + 4H2O,16.765,min
FeOOH + 3H+ = Fe+3 + 2H2O,1.371,min
Fe2Al.33Si3.67O10(OH)2Na0.33 + 7.32H+ + 2.68H2O = 0.33Al+3 + 2Fe+3 + 0.33Na+ + 3.67H4SiO4,-14.504,min
Fe2Al.33Si3.67O10(OH)2K0.33 + 7.32H+ + 2.68H2O = 0.33Al+3 + 2Fe+3 + 0.33K+ + 3.67H4SiO4,-15.549,min
Fe2Al.33Si3.67O10(OH)2Ca0.165 + 7.32H+ + 2.68H2O = 0.33Al+3 + 2Fe+3 + 0.165Ca+2 + 3.67H4SiO4,-20.889,min
Fe2Al.33Si3.67O10(OH)2Mg0.165 + 7.32H+ + 2.68H2O = 0.33Al+3 + 2Fe+3 + 0.165Mg+2 + 3.67H4SiO4,-20.589,min
Mg0.485Fe.22Al1.71Si3.81O10(OH)2 + 6.76H+ + 3.24H2O = 3.81H4SiO4 + 0.485Mg+2 + 0.22Fe+3 + 1.71Al+3,2.67,min
FeSe2 + 2H+ + 2e- = 2HSe- + Fe+2,-18.5959,min
FeSe + H+ = HSe- + Fe+2,-7.1466,min
Fe2(SeO3)3:2H2O + 3H+ = 3HSeO3- + 2Fe+3 + 2H2O,-20.6262,min
Fe2(OH)4SeO3 + 5H+ = HSeO3- + 2Fe+3 + 4H2O,1.5539,min
FeCr2O4 + 4H+ = 2Cr(OH)2+ + Fe+2,-0.9016,min
Ag4FeCyanide6:H2O = 6Cyanide- + 4Ag+ + Fe+2 + H2O,-89.6909,min
Cd2FeCyanide6:7H2O = 6Cyanide- + 2Cd+2 + Fe+2 + 7H2O,-62.9824,min
Cu2FeCyanide6 = 6Cyanide- + 2Cu+2 + Fe+2,-61.4168,min
K12Ni8(FeCyanide6)7 = 42Cyanide- + 12K+ + 8Ni+2 + 7Fe+2,-431.09,min
K2CdFeCyanide6 = 6Cyanide- + 2K+ + Cd+2 + Fe+2,-63.0279,min
K4Ni4(FeCyanide6)3 = 18Cyanide- + 4K+ + 4Ni+2 + 3Fe+2,-183.547,min
K4FeCyanide6 = 6Cyanide- + 4K+ + Fe+2,-48.8241,min
K2Mn3(FeCyanide6)2 = 12Cyanide- + 2K+ + 3Mn+2 + 2Fe+2,-121.001,min
K2Ni3(FeCyanide6)2 = 12Cyanide- + 2K+ + 3Ni+2 + 2Fe+2,-123.127,min
K4FeCyanide6:3H2O = 6Cyanide- + 4K+ + Fe+2 + 3H2O,-49.5424,min
K12Cd8(FeCyanide6)7 = 42Cyanide- + 12K+ + 8Cd+2 + 7Fe+2,-441.985,min
KZn1.5FeCyanide6 = 6Cyanide- + K+ + 1.5Zn+2 + Fe+2,-66.8086,min
K3FeCyanide6 = 6Cyanide- + 3K+ + Fe+3,-54.644,min
K8Mn6(FeCyanide6)5 = 30Cyanide- + 8K+ + 6Mn+2 + 5Fe+2,-293.685,min
K2Cu2FeCyanide6 = 6Cyanide- + 2K+ + 2Cu+ + Fe+2,-72.5142,min
Mn2FeCyanide6 = 6Cyanide- + 2Mn+2 + Fe+2,-59.0272,min
Pb2FeCyanide6:3H2O = 6Cyanide- + 2Pb+2 + Fe+2 + 3H2O,-63.6011,min
Tl4FeCyanide6:2H2O = 6Cyanide- + 4Tl+ + Fe+2 + 2H2O,-56.9162,min
Zn2FeCyanide6:2H2O = 6Cyanide- + 2Zn+2 + Fe+2 + 2H2O,-61.2321,min
Ag4Fe(Cyanide)6 = 6Cyanide- + 4Ag+ + Fe+2,-193.914,min
Cd2Fe(Cyanide)6 = 6Cyanide- + 2Cd+2 + Fe+2,-28.2243,min
Pb2Fe(Cyanide)6 = 6Cyanide- + 2Pb+2 + Fe+2,-27.5895,min
Zn2Fe(Cyanide)6 = 6Cyanide- + 2Zn+2 + Fe+2,-29.9263,min
1.000Fe+2     = Fe+2,0.000,si
1.000Fe+2     - 0.500H2O     + 1.000H+     + 0.250O2     = Fe+3,8.485,si
1.000Fe+3     + 1.000B(OH)4-     = Fe(B(OH)4)+2,8.580     #80BAS,si
1.000Fe+3     + 2.000B(OH)4-     = Fe(B(OH)4)2+,15.540     #80BAS,si
1.000Fe+2     + 1.000CO3-2     = Fe(CO3),5.690     #99CHI3,si
1.000Fe+2     + 2.000CO3-2     = Fe(CO3)2-2,7.450     #98KIN in 99CHI3,si
1.000Fe+3     + 3.000CO3-2     = Fe(CO3)3-3,24.240     #05GRI,si
1.000Fe+3     + 1.000Cit-3     = Fe(Cit),12.650     #95AKR/BOU,si
1.000Fe+3     - 1.000H+     + 1.000Cit-3     + 1.000H2O     = Fe(Cit)(OH)-,10.330     #95AKR/BOU,si
1.000Fe+2     + 1.000Cit-3     = Fe(Cit)-,6.100     #95AKR/BOU,si
1.000Fe+3     - 2.000H+     + 2.000Cit-3     + 2.000H2O     = Fe(Cit)2(OH)2-5,3.440     #95AKR/BOU,si
1.000Fe+3     + 2.000Cit-3     = Fe(Cit)2-3,18.150     #95AKR/BOU,si
1.000Fe+3     + 6.000Cn-     = Fe(Cn)6-3,43.600     #88CHA/NEW,si
1.000Fe+2     + 6.000Cn-     = Fe(Cn)6-4,35.400     #88CHA/NEW,si
1.000Fe+3     + 1.000Edta-4     = Fe(Edta)-,27.700     #95AKR/BOU,si
1.000Fe+2     + 1.000Edta-4     = Fe(Edta)-2,16.020     #95AKR/BOU,si
1.000Fe+2     + 2.000H+     + 1.000Cit-3     = Fe(H2Cit)+,24.700     #95AKR/BOU,si
1.000Fe+3     + 2.000H+     + 1.000Cit-3     = Fe(H2Cit)+2,30.400     #95AKR/BOU,si
1.000Fe+2     + 1.000H2(PO4)-     = Fe(H2PO4)+,2.690     #USGS original,si
1.000Fe+3     + 1.000H2(PO4)-     = Fe(H2PO4)+2,5.420     #USGS original,si
1.000Fe+3     - 1.000H+     + 1.000H4(SiO4)     = Fe(H3SiO4)+2,0.360     #88CHA/NEW,si
1.000Fe+2     + 1.000H+     + 1.000Cit-3     = Fe(HCit),10.020     #95AKR/BOU,si
1.000Fe+3     + 1.000H+     + 2.000Cit-3     = Fe(HCit)(Cit)-2,19.300     #95AKR/BOU,si
1.000Fe+3     + 1.000H+     + 1.000Cit-3     = Fe(HCit)+,13.560     #95AKR/BOU,si
1.000Fe+3     + 2.000H+     + 2.000Cit-3     = Fe(HCit)2-,24.920     #95AKR/BOU,si
1.000Fe+3     + 1.000H+     + 1.000Edta-4     = Fe(HEdta),29.200     #95AKR/BOU,si
1.000Fe+2     + 1.000H+     + 1.000Edta-4     = Fe(HEdta)-,18.300     #95AKR/BOU,si
1.000Fe+2     + 1.000H+     + 1.000Nta-3     = Fe(HNta),12.300     #95AKR/BOU,si
1.000Fe+3     + 1.000H+     + 1.000Ox-2     = Fe(HOx)+2,9.300     #95AKR/BOU,si
1.000Fe+2     - 1.000H+     + 1.000H2(PO4)-     = Fe(HPO4),-3.610     #USGS original,si
1.000Fe+3     - 1.000H+     + 1.000H2(PO4)-     = Fe(HPO4)+,1.630     #96BOU4,si
1.000Fe+2     + 1.000HS-     = Fe(HS)+,4.340     #04CHI,si
1.000Fe+2     + 2.000HS-     = Fe(HS)2,6.450     #04CHI,si
1.000Fe+2     + 1.000H+     + 1.000SO4-2     = Fe(HSO4)+,"3.070     #NAGRA, TR 91-18; F.J. PE",si
1.000Fe+3     + 1.000H+     + 1.000SeO3-2     = Fe(HSeO3)+2,12.350     #01SEB/POT2,si
1.000Fe+2     + 1.000NH3     = Fe(NH3)+2,1.300     #82SCH,si
1.000Fe+2     + 2.000NH3     = Fe(NH3)2+2,2.100     #82SCH,si
1.000Fe+2     + 4.000NH3     = Fe(NH3)4+2,3.600     #82SCH,si
1.000Fe+3     + 1.000NO3-     = Fe(NO3)+2,0.950     #HATCHES 8.0 1996,si
1.000Fe+3     + 1.000Nta-3     = Fe(Nta),18.600     #95AKR/BOU,si
1.000Fe+2     + 1.000Nta-3     = Fe(Nta)-,10.600     #95AKR/BOU,si
1.000Fe+3     + 2.000Nta-3     = Fe(Nta)2-3,27.000     #95AKR/BOU,si
1.000Fe+2     + 2.000Nta-3     = Fe(Nta)2-4,13.500     #95AKR/BOU,si
1.000Fe+2     - 1.000H+     + 1.000Cit-3     + 1.000H2O     = Fe(OH)(Cit)-2,1.500     #95AKR/BOU,si
1.000Fe+3     - 1.000H+     + 1.000Edta-4     + 1.000H2O     = Fe(OH)(Edta)-2,20.840     #95AKR/BOU,si
1.000Fe+2     - 1.000H+     + 1.000Edta-4     + 1.000H2O     = Fe(OH)(Edta)-3,6.400     #95AKR/BOU,si
1.000Fe+3     - 1.000H+     + 1.000Nta-3     + 1.000H2O     = Fe(OH)(Nta)-,14.600     #95AKR/BOU,si
1.000Fe+2     - 1.000H+     + 1.000Nta-3     + 1.000H2O     = Fe(OH)(Nta)-2,-0.120     #95AKR/BOU,si
1.000Fe+2     - 1.000H+     + 1.000H2O     = Fe(OH)+,-9.500     #76BAE/MES in 99CHI3,si
1.000Fe+3     - 1.000H+     + 1.000H2O     = Fe(OH)+2,-2.190     #76BAE/MES in 98CHI,si
1.000Fe+2     - 2.000H+     + 2.000H2O     = Fe(OH)2,-20.600     #76BAE/MES in 99CHI3,si
1.000Fe+3     - 2.000H+     + 1.000Cit-3     + 2.000H2O     = Fe(OH)2(Cit)-2,2.900     #95AKR/BOU,si
1.000Fe+3     - 2.000H+     + 1.000Edta-4     + 2.000H2O     = Fe(OH)2(Edta)-3,10.060     #95AKR/BOU,si
1.000Fe+2     - 2.000H+     + 1.000Edta-4     + 2.000H2O     = Fe(OH)2(Edta)-4,-4.400     #95AKR/BOU,si
1.000Fe+3     - 2.000H+     + 1.000Nta-3     + 2.000H2O     = Fe(OH)2(Nta)-2,6.000     #95AKR/BOU,si
1.000Fe+3     - 2.000H+     + 2.000H2O     = Fe(OH)2+,-5.670     #76BAE/MES in 98CHI,si
1.000Fe+3     - 3.000H+     + 3.000H2O     = Fe(OH)3,-12.560     #91PEA/BER in 98CHI,si
1.000Fe+3     - 3.000H+     + 1.000Edta-4     + 3.000H2O     = Fe(OH)3(Edta)-4,8.300     #95AKR/BOU,si
1.000Fe+2     - 3.000H+     + 3.000H2O     = Fe(OH)3-,-31.900     #76BAE/MES in 99CHI3,si
1.000Fe+3     - 4.000H+     + 4.000H2O     = Fe(OH)4-,-21.600     #76BAE/MES in 98CHI,si
1.000Fe+2     - 4.000H+     + 4.000H2O     = Fe(OH)4-2,-46.000     #76BAE/MES in 99CHI3,si
1.000Fe+2     + 1.000Ox-2     = Fe(Ox),4.100     #95AKR/BOU,si
1.000Fe+3     + 1.000Ox-2     = Fe(Ox)+,9.530     #95AKR/BOU,si
1.000Fe+3     + 2.000Ox-2     = Fe(Ox)2-,15.750     #95AKR/BOU,si
1.000Fe+2     + 2.000Ox-2     = Fe(Ox)2-2,6.200     #95AKR/BOU,si
1.000Fe+3     + 3.000Ox-2     = Fe(Ox)3-3,20.200     #95AKR/BOU,si
1.000Fe+2     + 3.000Ox-2     = Fe(Ox)3-4,5.220     #95AKR/BOU,si
1.000Fe+2     + 1.000SO4-2     = Fe(SO4),2.200     #91PEA/BER in 98CHI,si
1.000Fe+3     + 1.000SO4-2     = Fe(SO4)+,4.100     #95BOU in 98CHI,si
1.000Fe+3     + 2.000SO4-2     = Fe(SO4)2-,5.400     #91PEA/BER in 98CHI,si
1.000Fe+3     + 1.000SeO3-2     = Fe(SeO3)+,11.150     #05OLI/NOL,si
1.000Fe+2     + 1.000SeO4-2     = Fe(SeO4),2.710     #01SEB/POT2,si
2.000Fe+3     - 2.000H+     + 2.000Cit-3     + 2.000H2O     = Fe2(Cit)2(OH)2-2,45.000     #95AKR/BOU,si
2.000Fe+3     - 2.000H+     + 2.000Edta-4     + 2.000H2O     = Fe2(OH)2(Edta)2-4,68.000     #95AKR/BOU,si
2.000Fe+3     - 2.000H+     + 2.000H2O     = Fe2(OH)2+4,-2.950     #91PEA/BER in 98CHI,si
3.000Fe+3     - 4.000H+     + 4.000H2O     = Fe3(OH)4+5,-6.300     #76BAE/MES in 98CHI,si
1.000Fe+3     + 1.000Br-     = FeBr+2,0.700     #88CHA/NEW,si
1.000Fe+3     + 2.000Br-     = FeBr2+,0.900     #96FAL/REA,si
1.000Fe+3     - 1.000H+     + 1.000CO3-2     + 1.000H2O     = FeCO3OH,10.760     #05GRI,si
1.000Fe+2     - 1.000H+     + 1.000CO3-2     + 1.000H2O     = FeCO3OH-,-4.030     #98KIN in 99CHI3,si
1.000Fe+2     + 1.000Cl-     = FeCl+,0.140     #91PEA/BER in 98CHI,si
1.000Fe+3     + 1.000Cl-     = FeCl+2,1.400     #95BOU in 98CHI,si
1.000Fe+2     + 2.000Cl-     = FeCl2,-0.520     #95CHI,si
1.000Fe+3     + 2.000Cl-     = FeCl2+,2.100     #95BOU in 98CHI,si
1.000Fe+3     + 3.000Cl-     = FeCl3,1.130     #90NOR/PLU,si
1.000Fe+2     + 3.000Cl-     = FeCl3-,1.020     #95CHI,si
1.000Fe+3     + 4.000Cl-     = FeCl4-,-0.790     #88CHA/NEW,si
1.000Fe+3     + 1.000CrO4-2     = FeCrO4+,7.800     #96BAR/PAL,si
1.000Fe+2     + 1.000F-     = FeF+,1.000     #96FAL/REA,si
1.000Fe+3     + 1.000F-     = FeF+2,6.130     #92PEA/BER in 98CHI,si
1.000Fe+3     + 2.000F-     = FeF2+,10.800     #92PEA/BER in 98CHI,si
1.000Fe+3     + 3.000F-     = FeF3,14.000     #92PEA/BER in 98CHI,si
1.000Fe+3     + 2.000H+     + 1.000Pyrophos-4     = FeH2Pyrophos+,26.000     #88CHA/NEW,si
1.000Fe+2     + 1.000H+     + 1.000CO3-2     = FeHCO3+,11.770     #95CHI,si
1.000Fe+3     + 1.000H+     + 1.000SO4-2     = FeHSO4+2,4.470     #90NOR/PLU,si
1.000Fe+3     + 1.000I-     = FeI+2,2.100     #96BOU2,si
1.000Fe+3     + 1.000S2O3-2     = FeS2O3+,3.900     #82SCH,si
1.000Fe+3     + 1.000Scn-     = FeScn+2,3.100     #88CHA/NEW,si
NaFeSi2O6     = 1.000Na+     + 1.000Fe+3     - 4.000H+     + 2.000H4(SiO4)     - 2.000H2O,0.920,si
Fe4Al4Si2O10(OH)8     = 4.000Fe+2     + 4.000Al+3     - 20.000H+     + 2.000H4(SiO4)     + 10.000H2O,57.040,si
Ca2Fe(PO4)2:4H2O     = 2.000Ca+2     + 1.000Fe+2     - 4.000H+     + 2.000H2(PO4)-     + 4.000H2O,5.020     #96FAL/REA,si
KFe3Si3AlO10(OH)2     = 1.000K+     + 3.000Fe+2     + 1.000Al+3     - 10.000H+     + 3.000H4(SiO4),32.770,si
Fe(UO2)2(PO4)2     = 1.000Fe+2     + 2.000UO2+2     - 4.000H+     + 2.000H2(PO4)-,-1.070     #65MUT/HIR,si
Ca0.185K0.104(Si3.574Al0.426)(Al1.812Mg0.090Fe0.112)O10(OH)2     = 0.185Ca+2     + 0.090Mg+2     + 0.104K+     + 0.112Fe+3     + 2.238Al+3     - 7.704H+     + 3.574H4(SiO4)     - 2.296H2O,7.590,si
Ca0.185K0.104Si3.574Al2.238Mg0.090Fe0.112O10(OH)2:4.576H2O     = 0.185Ca+2     + 0.090Mg+2     + 0.104K+     + 0.112Fe+3     + 2.238Al+3     - 7.704H+     + 3.574H4(SiO4)     + 2.280H2O,4.290,si
(Fe2Al)(SiAl)O5(OH)4     = 2.000Al+3     + 1.000H4(SiO4)     + 2.000Fe+2     + 5.000H2O     - 10.000H+,34.560,si
(Fe2.34Fe0.33Al0.33)(Si1.34Al0.66)O5(OH)4     = 0.330Fe+3     + 2.340Fe+2     + 0.990Al+3     - 8.640H+     + 1.340H4(SiO4)     + 3.640H2O,28.800,si
(Si1.332Al0.668)(Al0.976Fe0.182Fe1.44Mg0.157)O5(OH)4     = 0.157Mg+2     + 0.182Fe+3     + 1.644Al+3     + 1.332H4(SiO4)     + 1.440Fe+2     + 3.672H2O     - 8.672H+,27.930,si
Fe0.608Fe0.936Mg0.37Al1.052Si1.52O5(OH)4     = 0.370Mg+2     + 0.936Fe+3     + 0.608Fe+2     + 1.052Al+3     - 7.920H+     + 1.520H4(SiO4)     + 2.920H2O,1.030,si
Ca3Fe2(OH)12     = 3.000Ca+2     + 2.000Fe+3     - 12.000H+     + 12.000H2O,72.390,si
Ca4Fe2(OH)14:6H2O     = 4.000Ca+2     + 2.000Fe+3     - 14.000H+     + 20.000H2O,95.160,si
Ca2Fe2O5     = 2.000Ca+2     + 2.000Fe+3     - 10.000H+     + 5.000H2O,56.760,si
CaFe2O4     = 1.000Ca+2     + 2.000Fe+3     - 8.000H+     + 4.000H2O,21.240     #79ROB,si
KFeAlSi4O10(OH)2     = 1.000K+     + 1.000Fe+2     + 1.000Al+3     - 6.000H+     + 4.000H4(SiO4)     - 4.000H2O,10.220,si
Fe5Al2Si3O10(OH)8     = 5.000Fe+2     + 2.000Al+3     - 16.000H+     + 3.000H4(SiO4)     + 6.000H2O,47.600,si
FeCr2O4     = 1.000Fe+2     - 8.000H+     + 2.000Cr+3     + 4.000H2O,15.120,si
Co(FeO2)2     = 2.000Fe+3     + 1.000Co+2     - 8.000H+     + 4.000H2O,0.770,si
Fe4SiO5(OH)4     = 2.000Fe+3     + 2.000Fe+2     - 10.000H+     + 1.000H4(SiO4)     + 5.000H2O,16.110,si
Ca6Fe2(SO4)3(OH)12:26H2O     = 6.000Ca+2     + 2.000Fe+3     - 12.000H+     + 3.000SO4-2     + 38.000H2O,54.550     #10BLA/BOU2,si
Fe2(SiO4)      = 2.000Fe+2     - 4.000H+     + 1.000H4(SiO4),19.510,si
Fe(OH)2     = 1.000Fe+2     - 2.000H+     + 2.000H2O,12.760,si
Fe(PO4)     = 1.000Fe+3     - 2.000H+     + 1.000H2(PO4)-,"-6.240     #NAGRA, TR 91-18; F.J. PE",si
Fe     = 1.000Fe+2     + 1.000H2O     - 2.000H+     - 0.500O2,58.850     #95PAR/KHO in 98CHI,si
Fe1.04Se     = 1.040Fe+2     - 1.080H+     + 1.000HSe-     + 0.040H2O     - 0.020O2,-1.680,si
Fe2(SeO3)3:6H2O     = 2.000Fe+3     + 3.000SeO3-2     + 6.000H2O,-41.580     #05OLI/NOL,si
Fe3Se4     = 3.000Fe+2     - 2.000H+     + 4.000HSe-     - 1.000H2O     + 0.500O2,-68.590,si
Fe5(OH)(PO4)3     = 5.000Fe+2     - 7.000H+     + 3.000H2(PO4)-     + 1.000H2O,-402.320     #96FAL/REA,si
Fe7Se8     = 7.000Fe+2     - 6.000H+     + 8.000HSe-     - 1.000H2O     + 0.500O2,-78.590,si
FeAl2O4     = 1.000Fe+2     + 2.000Al+3     - 8.000H+     + 4.000H2O,27.200     #96FAL/REA,si
FeMoO4     = 1.000Fe+2     + 1.000MoO4-2,-8.350,si
FeO     = 1.000Fe+2     - 2.000H+     + 1.000H2O,13.370     #95ROB/HEM,si
FeS     = 1.000Fe+2     - 1.000H+     + 1.000HS-,-2.950     #91DAV,si
Fe(OH)3     = 1.000Fe+3     - 3.000H+     + 3.000H2O,2.540     #63SCH/MIC,si
FeSe2     = 1.000Fe+2     + 2.000HSe-     - 1.000H2O     + 0.500O2,-60.120     #05OLI/NOL,si
FeSiO3     = 1.000Fe+2     - 2.000H+     + 1.000H4(SiO4)     - 1.000H2O,"32.710     #95TRO: CEA, N.T.SESD nï¿½",si
Fe(OH)3     = 1.000Fe+3     - 3.000H+     + 3.000H2O,1.190     #05GRI,si
(K0.75Mg0.25Fe1.5Al0.25)(Al0.25Si3.75)O10(OH)2     = 0.250Mg+2     + 0.750K+     + 1.250Fe+3     + 0.250Fe+2     + 0.500Al+3     - 7.000H+     + 3.750H4(SiO4)     - 3.000H2O,1.860,si
FeOOH     = 1.000Fe+3     - 3.000H+     + 2.000H2O,0.390     #63SCH/MIC,si
Fe3Si2O5(OH)4     = 3.000Fe+2     - 6.000H+     + 2.000H4(SiO4)     + 1.000H2O,21.770,si
Ca0.17Fe1.67Al0.67Si3.66O10(OH)2:4.45H2O     = 0.170Ca+2     + 1.670Fe+3     + 0.670Al+3     - 7.360H+     + 3.660H4(SiO4)     + 1.810H2O,-2.830,si
K0.34Fe1.67Al0.67Si3.66O10(OH)2:1.96H2O     = 0.340K+     + 1.670Fe+3     + 0.670Al+3     - 7.360H+     + 3.660H4(SiO4)     - 0.680H2O,-2.700,si
Mg0.17Fe1.67Al0.67Si3.66O10(OH)2:4.61H2O     = 0.170Mg+2     + 1.670Fe+3     + 0.670Al+3     - 7.360H+     + 3.660H4(SiO4)     + 1.970H2O,-2.530,si
Na0.34Fe1.67Al0.67Si3.66O10(OH)2:3.84H2O     = 0.340Na+     + 1.670Fe+3     + 0.670Al+3     - 7.360H+     + 3.660H4(SiO4)     + 1.200H2O,-3.090,si
Ca0.17Mg2FeAl0.34Si3.66O10(OH)2:4.45H2O     = 0.170Ca+2     + 2.000Mg+2     + 1.000Fe+2     + 0.340Al+3     - 7.360H+     + 3.660H4(SiO4)     + 1.810H2O,27.980,si
K0.34Mg2FeAl0.34Si3.66O10(OH)2:1.96H2O     = 2.000Mg+2     + 0.340K+     + 1.000Fe+2     + 0.340Al+3     - 7.360H+     + 3.660H4(SiO4)     - 0.680H2O,28.110,si
Mg0.17Mg2FeAl0.34Si3.66O10(OH)2:4.61H2O     = 2.170Mg+2     + 1.000Fe+2     + 0.340Al+3     - 7.360H+     + 3.660H4(SiO4)     + 1.970H2O,28.070,si
Na0.34Mg2FeAl0.34Si3.66O10(OH)2:3.84H2O     = 2.000Mg+2     + 0.340Na+     + 1.000Fe+2     + 0.340Al+3     - 7.360H+     + 3.660H4(SiO4)     + 1.200H2O,27.720,si
Fe2O3     = 2.000Fe+3     - 6.000H+     + 3.000H2O,-1.020     #05GRI,si
K0.85Fe0.25Al2.35Si3.4O10(OH)2     = 0.850K+     + 0.250Fe+2     + 2.350Al+3     - 8.400H+     + 3.400H4(SiO4)     - 1.600H2O,9.450,si
(Na0.134K0.53)(Si3.565Al0.435)(Al1.717Fe0.05Fe0.017Mg0.218)O10(OH)2:2.996H2O     = 0.218Mg+2     + 0.530K+     + 0.134Na+     + 0.050Fe+3     + 0.017Fe+2     + 2.152Al+3     - 7.740H+     + 3.565H4(SiO4)     + 0.736H2O,13.650,si
(Ca0.092K0.439)(Si3.559Al0.441)(Al1.728Fe0.011Fe0.034Mg0.255)O10(OH)2     = 0.092Ca+2     + 0.255Mg+2     + 0.439K+     + 0.034Fe+3     + 0.011Fe+2     + 2.169Al+3     - 7.764H+     + 3.559H4(SiO4)     - 2.236H2O,10.900,si
(Na0.044K0.762)(Si3.387Al0.613)(Al1.427Fe0.292Fe0.084Mg0.241)O10(OH)2     = 0.241Mg+2     + 0.762K+     + 0.044Na+     + 0.292Fe+3     + 0.084Fe+2     + 2.040Al+3     - 8.452H+     + 3.387H4(SiO4)     - 1.548H2O,11.540,si
KFe(CrO4)2:2H2O     = 1.000K+     + 1.000Fe+3     + 2.000CrO4-2     + 2.000H2O,-19.390     #98BAR/PAL,si
KFe3(CrO4)2(OH)6     = 1.000K+     + 3.000Fe+3     - 6.000H+     + 2.000CrO4-2     + 6.000H2O,-18.400     #96BAR/PAL,si
FeCl2     = 1.000Fe+2     + 2.000Cl-,8.890,si
FeOOH     = 1.000Fe+3     - 3.000H+     + 2.000H2O,0.750     #98DIA2 in 98CHI,si
FeS     = 1.000Fe+2     - 1.000H+     + 1.000HS-,-3.600     #91DAV,si
Fe2O3     = 2.000Fe+3     - 6.000H+     + 3.000H2O,3.310     #98DIA1 in 98CHI,si
Fe2O3     = 2.000Fe+3     - 6.000H+     + 3.000H2O,3.520     #98DIA1 in 98CHI,si
Fe3O4      = 2.000Fe+3     + 1.000Fe+2     - 8.000H+     + 4.000H2O,10.410,si
FeSO4:7H2O      = 1.000Fe+2     + 1.000SO4-2     + 7.000H2O,-2.210     #90NOR/PLU,si
Fe3Si4O10(OH)2     = 3.000Fe+2     - 6.000H+     + 4.000H4(SiO4)     - 4.000H2O,14.930,si
Ca4Fe2(SO4)(OH)12:6H2O     = 4.000Ca+2     + 2.000Fe+3     - 12.000H+     + 1.000SO4-2     + 18.000H2O,66.050     #10BLA/BOU2,si
Ca0.17Fe1.67Al0.67Si3.66O10(OH)2     = 0.170Ca+2     + 1.670Fe+3     + 0.670Al+3     - 7.360H+     + 3.660H4(SiO4)     - 2.640H2O,-2.830,si
K0.34Fe1.67Al0.67Si3.66O10(OH)2     = 0.340K+     + 1.670Fe+3     + 0.670Al+3     - 7.360H+     + 3.660H4(SiO4)     - 2.640H2O,-4.000,si
Mg0.17Fe1.67Al0.67Si3.66O10(OH)2     = 0.170Mg+2     + 1.670Fe+3     + 0.670Al+3     - 7.360H+     + 3.660H4(SiO4)     - 2.640H2O,-3.370,si
Na0.34Fe1.67Al0.67Si3.66O10(OH)2     = 0.340Na+     + 1.670Fe+3     + 0.670Al+3     - 7.360H+     + 3.660H4(SiO4)     - 2.640H2O,-3.500,si
Ca0.247K0.02(Si3.458Al0.542)(Fe1.688Al0.276Mg0.068)O10(OH)2     = 0.247Ca+2     + 0.068Mg+2     + 0.020K+     + 1.688Fe+3     + 0.818Al+3     + 3.458H4(SiO4)     - 1.832H2O     - 8.168H+,1.350,si
FeS2      = 1.000Fe+2     + 2.000HS-     - 1.000H2O     + 0.500O2,-58.780,si
Fe0.87S     = 0.870Fe+2     - 0.740H+     + 1.000HS-     - 0.130H2O     + 0.065O2,-11.179,si
(Mg2.964Fe1.712Fe0.215Al1.116Ca0.011)(Si2.633Al1.367)O10(OH)8     = 0.011Ca+2     + 2.964Mg+2     + 0.215Fe+3     + 1.712Fe+2     + 2.483Al+3     - 17.468H+     + 2.633H4(SiO4)     + 7.468H2O,61.350,si
Ca0.17Mg2FeAl0.34Si3.66O10(OH)2     = 0.170Ca+2     + 2.000Mg+2     + 1.000Fe+2     + 0.340Al+3     - 7.360H+     + 3.660H4(SiO4)     - 2.640H2O,26.550,si
K0.34Mg2FeAl0.34Si3.66O10(OH)2     = 2.000Mg+2     + 0.340K+     + 1.000Fe+2     + 0.340Al+3     - 7.360H+     + 3.660H4(SiO4)     - 2.640H2O,25.380,si
Mg0.17Mg2FeAl0.34Si3.66O10(OH)2     = 2.170Mg+2     + 1.000Fe+2     + 0.340Al+3     - 7.360H+     + 3.660H4(SiO4)     - 2.640H2O,26.000,si
Na0.34Mg2FeAl0.34Si3.66O10(OH)2     = 2.000Mg+2     + 0.340Na+     + 1.000Fe+2     + 0.340Al+3     - 7.360H+     + 3.660H4(SiO4)     - 2.640H2O,25.700,si
(Na0.394K0.021Ca0.038)(Si3.569Al0.397)(Mg2.949Fe0.034Fe0.021)O10(OH)2     = 0.038Ca+2     + 2.949Mg+2     + 0.021K+     + 0.394Na+     + 0.034Fe+3     + 0.021Fe+2     + 0.397Al+3     - 7.724H+     + 3.569H4(SiO4)     - 2.276H2O,31.470,si
(Na0.394K0.021Ca0.038)(Si3.569Al0.397)(Mg2.949Fe0.034Fe0.021)O10(OH)2:4.151H2O     = 0.038Ca+2     + 2.949Mg+2     + 0.021K+     + 0.394Na+     + 0.034Fe+3     + 0.021Fe+2     + 0.397Al+3     - 7.724H+     + 3.569H4(SiO4)     + 1.875H2O,28.300,si
Fe(CO3)     = 1.000Fe+2     + 1.000CO3-2,-10.800     #92BRU/WER,si
KFe2Al3Si2O10(OH)2     = 1.000K+     + 2.000Fe+2     + 3.000Al+3     - 14.000H+     + 2.000H4(SiO4)     + 4.000H2O,40.570,si
Na0.409K0.024Ca0.009(Si3.738Al0.262)(Al1.598Mg0.214Fe0.173Fe0.035)O10(OH)2     = 0.009Ca+2     + 0.214Mg+2     + 0.024K+     + 0.409Na+     + 0.173Fe+3     + 1.860Al+3     + 3.738H4(SiO4)     + 0.035Fe+2     - 2.952H2O     - 7.048H+,5.270,si
(Ca0.009Na0.409K0.024)(Si3.738Al0.262)(Al1.598Fe0.173Fe0.035Mg0.214)O10(OH)2:3.989H2O     = 0.009Ca+2     + 0.214Mg+2     + 0.024K+     + 0.409Na+     + 0.173Fe+3     + 0.035Fe+2     + 1.860Al+3     - 7.048H+     + 3.738H4(SiO4)     + 1.037H2O,1.780,si
(Ca0.009Na0.409K0.024)(Si3.738Al0.262)(Al1.598Fe0.173Fe0.035Mg0.214)O10(OH)2:5.189H2O     = 0.009Ca+2     + 0.214Mg+2     + 0.024K+     + 0.409Na+     + 0.173Fe+3     + 0.035Fe+2     + 1.860Al+3     - 7.048H+     + 3.738H4(SiO4)     + 2.237H2O,1.440,si
Fe2NiO4     = 2.000Fe+3     + 1.000Ni+2     - 8.000H+     + 4.000H2O,9.400,si
FeS      = 1.000Fe+2     - 1.000H+     + 1.000HS-,-5.310     #91DAV,si
(Ca0.445)(Si2.778Al1.222)(Al0.216Fe0.226Fe0.028Mg2.475)O10(OH)2     = 0.445Ca+2     + 2.475Mg+2     + 0.226Fe+3     + 1.438Al+3     + 2.778H4(SiO4)     + 0.028Fe+2     + 0.888H2O     - 10.888H+,45.910,si
Fe3(PO4)2:8H2O     = 3.000Fe+2     - 4.000H+     + 2.000H2(PO4)-     + 8.000H2O,3.120,si
K0.85Fe0.25Al2.6Si3.15O10(OH)2     = 0.850K+     + 0.250Fe+3     + 2.600Al+3     - 9.400H+     + 3.150H4(SiO4)     - 0.600H2O,12.370,si
Fe+2 = Fe+2,0,core
H+ + Fe+2 + 0.25 O2 = Fe+3 + 0.5 H2O,8.4899,core
2 CH3COOH + Fe+2 = Fe(CH3COO)2 + 2 H+,-7.0295,core
Fe+2 + CH3COOH = FeCH3COO+ + H+,-3.4671,core
Fe+2 + Cl- = FeCl+,-0.1605,core
Fe+3 + Cl- = FeCl+2,-0.8108,core
2 Cl- + Fe+2 = FeCl2,-2.4541,core
H2O + Fe+2 = FeOH+ + H+,-9.5,core
H2O + Fe+3 = FeOH+2 + H+,-2.19,core
Ca3Fe2(SiO4)3 + 12 H+ = 2 Fe+3 + 3 Ca+2 + 3 SiO2 + 6 H2O,33.3352,core
KFe3AlSi3O10(OH)2 + 10 H+ = Al+3 + K+ + 3 Fe+2 + 3 SiO2 + 6 H2O,29.4693,core
Fe(UO2)2(PO4)2 + 2 H+ = Fe+2 + 2 HPO4-2 + 2 UO2+2,-17.7240,core
Fe.175Al2.35Si3.65O10(OH)2 + 7.4 H+ = 0.175 Fe+2 + 2.35 Al+3 + 3.65 SiO2 + 4.7 H2O,4.6335,core
Cu5FeS4 + 4 H+ = Cu+2 + Fe+2 + 4 Cu+ + 4 HS-,-102.4369,core
Ca4Al2Fe2O10 + 20 H+ = 2 Al+3 + 2 Fe+3 + 4 Ca+2 + 10 H2O,140.5050,core
CuFeS2 + 2 H+ = Cu+2 + Fe+2 + 2 HS-,-32.5638,core
Fe5Al2Si3O10(OH)8 + 16 H+ = 3 SiO2 + 2 Al+3 + 5 Fe+2 + 12 H2O,32.8416,core
FeCr2O4 + 8 H+ = Fe+2 + 2 Cr+3 + 4 H2O,15.1685,core
Ca1.7335Al3.45Fe.017Si14.533O36:10.922H2O + 13.868 H+ = 0.017 Fe+3 + 1.7335 Ca+2 + 3.45 Al+3 + 14.533 SiO2 + 17.856 H2O,-7.0095,core
K3.467Al3.45Fe.017Si14.533O36:10.922H2O + 13.868 H+ = 0.017 Fe+3 + 3.45 Al+3 + 3.467 K+ + 14.533 SiO2 + 17.856 H2O,-10.9485,core
Na3.467Al3.45Fe.017Si14.533O36:10.922H2O + 13.868 H+ = 0.017 Fe+3 + 3.45 Al+3 + 3.467 Na+ + 14.533 SiO2 + 17.856 H2O,-7.1363,core
CoFe2O4 + 8 H+ = Co+2 + 2 Fe+3 + 4 H2O,0.8729,core
Fe2Fe2SiO5(OH)4 + 10 H+ = SiO2 + 2 Fe+2 + 2 Fe+3 + 7 H2O,16.2603,core
Fe5AlAlSi3O10(OH)8 + 16 H+ = 2 Al+3 + 3 SiO2 + 5 Fe+2 + 12 H2O,52.2821,core
Fe5AlAlSi3O10(OH)8 + 16 H+ = 2 Al+3 + 3 SiO2 + 5 Fe+2 + 12 H2O,55.6554,core
CuFeO2 + 4 H+ = Cu+ + Fe+3 + 2 H2O,-6.4172,core
Ca2FeAl2Si3O12OH + 13 H+ = Fe+3 + 2 Al+3 + 2 Ca+2 + 3 SiO2 + 7 H2O,32.9296,core
FeCa2Al2(OH)(SiO4)3 + 13 H+ = Fe+3 + 2 Al+3 + 2 Ca+2 + 3 SiO2 + 7 H2O,32.9296,core
Fe2SiO4 + 4 H+ = SiO2 + 2 Fe+2 + 2 H2O,19.1113,core
Fe + 2 H+ + 0.5 O2 = Fe+2 + H2O,59.0325,core
Fe(OH)2 + 2 H+ = Fe+2 + 2 H2O,13.9045,core
Fe(OH)3 + 3 H+ = Fe+3 + 3 H2O,5.6556,core
Fe2(SO4)3 = 2 Fe+3 + 3 SO4-2,3.2058,core
FeO + 2 H+ = Fe+2 + H2O,13.5318,core
FeSO4 = Fe+2 + SO4-2,2.6565,core
CaFe2O4 + 8 H+ = Ca+2 + 2 Fe+3 + 4 H2O,21.5217,core
CuFe2O4 + 8 H+ = Cu+2 + 2 Fe+3 + 4 H2O,10.3160,core
Ca2Fe2O5 + 10 H+ = 2 Ca+2 + 2 Fe+3 + 5 H2O,56.8331,core
MgFe2O4 + 8 H+ = Mg+2 + 2 Fe+3 + 4 H2O,21.0551,core
ZnFe2O4 + 8 H+ = Zn+2 + 2 Fe+3 + 4 H2O,11.7342,core
FeSiO3 + 2 H+ = Fe+2 + H2O + SiO2,7.4471,core
FeOOH + 3 H+ = Fe+3 + 2 H2O,0.5345,core
Fe3Si2O5(OH)4 + 6 H+ = 2 SiO2 + 3 Fe+2 + 5 H2O,22.6701,core
CaFe(SiO3)2 + 4 H+ = Ca+2 + Fe+2 + 2 H2O + 2 SiO2,19.6060,core
Fe2O3 + 6 H+ = 2 Fe+3 + 3 H2O,0.1086,core
FeAl2O4 + 8 H+ = Fe+2 + 2 Al+3 + 4 H2O,28.8484,core
FeTiO3 + 2 H+ + H2O = Fe+2 + Ti(OH)4,0.9046,core
KFe3(SO4)2(OH)6 + 6 H+ = K+ + 2 SO4-2 + 3 Fe+3 + 6 H2O,-9.3706,core
FeCl2 = Fe+2 + 2 Cl-,9.0945,core
Fe3O4 + 8 H+ = Fe+2 + 2 Fe+3 + 4 H2O,10.4724,core
FeSO4:7H2O = Fe+2 + SO4-2 + 7 H2O,-2.3490,core
Fe3Si4O10(OH)2 + 6 H+ = 3 Fe+2 + 4 H2O + 4 SiO2,13.9805,core
FeCl3 = Fe+3 + 3 Cl-,13.5517,core
NaFeO2 + 4 H+ = Fe+3 + Na+ + 2 H2O,19.8899,core
Ca.175Fe2Al.35Si3.65H2O12 + 7.4 H+ = 0.175 Ca+2 + 0.35 Al+3 + 2 Fe+3 + 3.65 SiO2 + 4.7 H2O,-11.5822,core
K.35Fe2Al.35Si3.65H2O12 + 7.4 H+ = 0.35 Al+3 + 0.35 K+ + 2 Fe+3 + 3.65 SiO2 + 4.7 H2O,-11.8648,core
Mg.175Fe2Al.35Si3.65H2O12 + 7.4 H+ = 0.175 Mg+2 + 0.35 Al+3 + 2 Fe+3 + 3.65 SiO2 + 4.7 H2O,-11.6200,core
Na.35Fe2Al.35Si3.65H2O12 + 7.4 H+ = 0.35 Al+3 + 0.35 Na+ + 2 Fe+3 + 3.65 SiO2 + 4.7 H2O,-11.5263,core
FeS2 + H2O = 0.25 H+ + 0.25 SO4-2 + Fe+2 + 1.75 HS-,-24.6534,core
FeS + H+ = Fe+2 + HS-,-3.7193,core
Mg3Fe2Al2Si3O10(OH)8 + 16 H+ = 2 Al+3 + 2 Fe+2 + 3 Mg+2 + 3 SiO2 + 12 H2O,60.9638,core
Ca.175Fe3Al.35Si3.65O10(OH)2 + 7.4 H+ = 0.175 Ca+2 + 0.35 Al+3 + 3 Fe+2 + 3.65 SiO2 + 4.7 H2O,20.3624,core
Fe3.175Al.35Si3.65O10(OH)2 + 7.4 H+ = 0.35 Al+3 + 3.175 Fe+2 + 3.65 SiO2 + 4.7 H2O,18.9359,core
K.35Fe3Al.35Si3.65O10(OH)2 + 7.4 H+ = 0.35 K+ + 0.35 Al+3 + 3 Fe+2 + 3.65 SiO2 + 4.7 H2O,18.7937,core
Mg.175Fe3Al.35Si3.65O10(OH)2 + 7.4 H+ = 0.175 Mg+2 + 0.35 Al+3 + 3 Fe+2 + 3.65 SiO2 + 4.7 H2O,19.5290,core
Na.35Fe3Al.35Si3.65O10(OH)2 + 7.4 H+ = 0.35 Na+ + 0.35 Al+3 + 3 Fe+2 + 3.65 SiO2 + 4.7 H2O,19.7977,core
Fe.175Mg3Al.35Si3.65O10(OH)2 + 7.4 H+ = 0.175 Fe+2 + 0.35 Al+3 + 3 Mg+2 + 3.65 SiO2 + 4.7 H2O,27.6789,core
FeCO3 + H+ = Fe+2 + HCO3-,-0.1920,core
Ca.025Na.1K.2Fe.5Fe.2Mg1.15Al1.25Si3.5H2O12 + 8 H+ = 0.025 Ca+2 + 0.1 Na+ + 0.2 Fe+3 + 0.2 K+ + 0.5 Fe+2 + 1.15 Mg+2 + 1.25 Al+3 + 3.5 SiO2 + 5 H2O,17.4200,core
Ca.02Na.15K.2Fe.29Fe.16Mg.9Al1.25Si3.75H2O12 + 7 H+ = 0.02 Ca+2 + 0.15 Na+ + 0.16 Fe+3 + 0.2 K+ + 0.29 Fe+2 + 0.9 Mg+2 + 1.25 Al+3 + 3.75 SiO2 + 4.5 H2O,11.0405,core
FePO4:2H2O + H+ = Fe+3 + HPO4-2 + 2 H2O,-11.3429,core
NiFe2O4 + 8 H+ = Ni+2 + 2 Fe+3 + 4 H2O,9.7876,core
FeS + H+ = Fe+2 + HS-,-3.8184,core
Fe.947O + 2 H+ = 0.106 Fe+3 + 0.841 Fe+2 + H2O,12.4113,core
Fe+3 = Fe+3,0,min
Fe+3 + e- = Fe+2,13.032,min
Fe+2 + H2O = FeOH+ + H+,-9.397,min
Fe+2 + 2H2O = Fe(OH)2 + 2H+,-20.494,min
Fe+2 + 3H2O = Fe(OH)3- + 3H+,-28.991,min
Fe+3 + H2O = FeOH+2 + H+,-2.187,min
Fe+3 + 2H2O = Fe(OH)2+ + 2H+,-4.594,min
Fe+3 + 3H2O = Fe(OH)3 + 3H+,-12.56,min
Fe+3 + 4H2O = Fe(OH)4- + 4H+,-21.588,min
2Fe+3 + 2H2O = Fe2(OH)2+4 + 2H+,-2.854,min
3Fe+3 + 4H2O = Fe3(OH)4+5 + 4H+,-6.288,min
Fe+3 + F- = FeF+2,6.04,min
Fe+3 + 2F- = FeF2+,10.4675,min
Fe+3 + 3F- = FeF3,13.617,min
Fe+3 + Cl- = FeCl+2,1.48,min
Fe+3 + 2Cl- = FeCl2+,2.13,min
Fe+3 + 3Cl- = FeCl3,1.13,min
Fe+2 + 2HS- = Fe(HS)2,8.95,min
Fe+2 + 3HS- = Fe(HS)3-,10.987,min
Fe+2 + SO4-2 = FeSO4,2.39,min
Fe+3 + SO4-2 = FeSO4+,4.05,min
Fe+3 + 2SO4-2 = Fe(SO4)2-,5.38,min
Fe+3 + HSeO3- = FeHSeO3+2,3.422,min
Fe+3 + NO3- = FeNO3+2,1,min
Fe+2 + 6Cyanide- = Fe(Cyanide)6-4,35.4,min
H+ + Fe+2 + 6Cyanide- = HFe(Cyanide)6-3,39.71,min
2H+ + Fe+2 + 6Cyanide- = H2Fe(Cyanide)6-2,42.11,min
Fe+3 + 6Cyanide- = Fe(Cyanide)6-3,43.6,min
2Fe+3 + 6Cyanide- = Fe2(Cyanide)6,47.6355,min
Sn(OH)2 + Fe+3 + 6Cyanide- + 2H+ = SnFe(Cyanide)6- + 2H2O,53.54,min
NH4+ + Fe+2 + 6Cyanide- = NH4Fe(Cyanide)6-3,37.7,min
Tl+ + Fe+2 + 6Cyanide- = TlFe(Cyanide)6-3,38.4,min
Mg+2 + Fe+3 + 6Cyanide- = MgFe(Cyanide)6-,46.39,min
Mg+2 + Fe+2 + 6Cyanide- = MgFe(Cyanide)6-2,39.21,min
Ca+2 + Fe+3 + 6Cyanide- = CaFe(Cyanide)6-,46.43,min
Ca+2 + Fe+2 + 6Cyanide- = CaFe(Cyanide)6-2,39.1,min
2Ca+2 + Fe+2 + 6Cyanide- = Ca2Fe(Cyanide)6,40.6,min
Sr+2 + Fe+3 + 6Cyanide- = SrFe(Cyanide)6-,46.45,min
Sr+2 + Fe+2 + 6Cyanide- = SrFe(Cyanide)6-2,39.1,min
Ba+2 + Fe+2 + 6Cyanide- = BaFe(Cyanide)6-2,39.19,min
Ba+2 + Fe+3 + 6Cyanide- = BaFe(Cyanide)6-,46.48,min
Na+ + Fe+2 + 6Cyanide- = NaFe(Cyanide)6-3,37.6,min
K+ + Fe+2 + 6Cyanide- = KFe(Cyanide)6-3,37.75,min
K+ + Fe+3 + 6Cyanide- = KFe(Cyanide)6-2,45.04,min
Fe+2 + 2H+ + PO4-3 = FeH2PO4+,22.273,min
Fe+2 + H+ + PO4-3 = FeHPO4,15.975,min
Fe+3 + 2H+ + PO4-3 = FeH2PO4+2,23.8515,min
Fe+3 + H+ + PO4-3 = FeHPO4+,22.292,min
Fe+2 + H+ + CO3-2 = FeHCO3+,11.429,min
Fe+2 + Ethylenediamine = Fe(Ethylenediamine)+2,4.26,min
Fe+2 + 2Ethylenediamine = Fe(Ethylenediamine)2+2,7.73,min
Fe+2 + 3Ethylenediamine = Fe(Ethylenediamine)3+2,10.17,min
Fe+2 + Citrate-3 = Fe(Citrate)-,6.1,min
Fe+2 + Citrate-3 + H+ = FeH(Citrate),10.2,min
Fe+3 + Citrate-3 = Fe(Citrate),13.1,min
Fe+3 + Citrate-3 + H+ = FeH(Citrate)+,14.4,min
Fe+2 + Nta-3 = Fe(Nta)-,10.19,min
Fe+2 + 2Nta-3 = Fe(Nta)2-4,12.62,min
Fe+2 + Nta-3 + H+ = FeH(Nta),12.29,min
Fe+2 + Nta-3 + H2O = FeOH(Nta)-2 + H+,-1.06,min
Fe+3 + Nta-3 = Fe(Nta),17.8,min
Fe+3 + 2Nta-3 = Fe(Nta)2-3,25.9,min
Fe+3 + Nta-3 + H2O = FeOH(Nta)- + H+,13.23,min
Fe+2 + Edta-4 = Fe(Edta)-2,16,min
Fe+2 + Edta-4 + H+ = FeH(Edta)-,19.06,min
Fe+2 + Edta-4 + H2O = FeOH(Edta)-3 + H+,6.5,min
Fe+2 + Edta-4 + 2H2O = Fe(OH)2(Edta)-4 + 2H+,-4,min
Fe+3 + Edta-4 = Fe(Edta)-,27.7,min
Fe+3 + Edta-4 + H+ = FeH(Edta),29.2,min
Fe+3 + Edta-4 + H2O = FeOH(Edta)-2 + H+,19.9,min
Fe+3 + Edta-4 + 2H2O = Fe(OH)2(Edta)-3 + 2H+,9.85,min
Fe+3 + Propionate- = Fe(Propionate)+2,4.012,min
Fe+3 + Isobutyrate- = Fe(Isobutyrate)+2,4.2,min
Fe+2 + Acetate- = Fe(Acetate)+,1.4,min
Fe+3 + Acetate- = Fe(Acetate)+2,4.0234,min
Fe+3 + 2Acetate- = Fe(Acetate)2+,7.5723,min
Fe+3 + 3Acetate- = Fe(Acetate)3,9.5867,min
Fe+2 + Tartarate-2 = Fe(Tartarate),3.1,min
Fe+3 + Tartarate-2 = Fe(Tartarate)+,7.78,min
Fe+2 + Glycine- = Fe(Glycine)+,4.31,min
Fe+2 + 2Glycine- = Fe(Glycine)2,8.29,min
Fe+3 + Glycine- = Fe(Glycine)+2,9.38,min
Fe+3 + Glycine- + H+ = FeH(Glycine)+3,11.55,min
Fe+2 + Salicylate-2 = Fe(Salicylate),7.2,min
Fe+2 + 2Salicylate-2 = Fe(Salicylate)2-2,11.6,min
Fe+3 + Salicylate-2 = Fe(Salicylate)+,17.6,min
Fe+3 + 2Salicylate-2 = Fe(Salicylate)2-,29.3,min
CuFeS2 + 2H+ = Cu+2 + Fe+2 + 2HS-,-35.27,min
FeS + H+ = Fe+2 + HS-,-2.95,min
Fe3S4 + 4H+ = 2Fe+3 + Fe+2 + 4HS-,-45.035,min
FeS + H+ = Fe+2 + HS-,-3.6,min
FeS2 + 2H+ + 2e- = Fe+2 + 2HS-,-18.5082,min
Pb2Fe(Cyanide)6 = 2Pb+2 + Fe+2 + 6Cyanide-,-53.42,min
Zn2Fe(Cyanide)6 = 2Zn+2 + Fe+2 + 6Cyanide-,-51.08,min
Cd2Fe(Cyanide)6 = 2Cd+2 + Fe+2 + 6Cyanide-,-52.78,min
Ag4Fe(Cyanide)6 = 4Ag+ + Fe+2 + 6Cyanide-,-79.47,min
Ag3Fe(Cyanide)6 = 3Ag+ + Fe+3 + 6Cyanide-,-72.7867,min
Mn3(Fe(Cyanide)6)2 = 3Mn+2 + 2Fe+3 + 12Cyanide-,-105.4,min
FeSe + H+ = Fe+2 + HSe-,-11,min
FeSe2 + 2H+ + 2e- = 2HSe- + Fe+2,-18.5959,min
WUSTITE-0.11 + 2H+ = 0.947Fe+2 + H2O,11.6879,min
Fe(OH)2 + 2H+ = Fe+2 + 2H2O,13.564,min
Fe(OH)3 + 3H+ = Fe+3 + 3H2O,3.191,min
Fe3(OH)8 + 8H+ = 2Fe+3 + Fe+2 + 8H2O,20.222,min
FeOOH + 3H+ = Fe+3 + 2H2O,0.491,min
CoFe2O4 + 8H+ = Co+2 + 2Fe+3 + 4H2O,-3.5281,min
Fe3O4 + 8H+ = 2Fe+3 + Fe+2 + 4H2O,3.4028,min
FeAl2O4 + 8H+ = Fe+2 + 2Al+3 + 4H2O,22.893,min
Fe2O3 + 6H+ = 2Fe+3 + 3H2O,-1.418,min
Fe2O3 + 6H+ = 2Fe+3 + 3H2O,6.386,min
FeOOH + 3H+ = Fe+3 + 2H2O,1.371,min
Fe2MgO4 + 8H+ = Mg+2 + 2Fe+3 + 4H2O,16.8597,min
CuFeO2 + 4H+ = Cu+ + Fe+3 + 2H2O,-8.9171,min
CuFe2O4 + 8H+ = Cu+2 + 2Fe+3 + 4H2O,5.9882,min
FeCr2O4 + 4H+ = 2Cr(OH)2+ + Fe+2,7.2003,min
Fe(OH)2.7Cl.3 + 2.7H+ = Fe+3 + 2.7H2O + 0.3Cl-,-3.04,min
FeCO3 = Fe+2 + CO3-2,-10.24,min
FeSO4:7H2O = Fe+2 + SO4-2 + 7H2O,-2.209,min
Fe2(SO4)3 = 2Fe+3 + 3SO4-2,-3.7343,min
(H3O)Fe3(SO4)2(OH)6 + 5H+ = 3Fe+3 + 2SO4-2 + 7H2O,-12.1,min
NaFe3(SO4)2(OH)6 + 6H+ = Na+ + 3Fe+3 + 2SO4-2 + 6H2O,-11.2,min
KFe3(SO4)2(OH)6 + 6H+ = K+ + 3Fe+3 + 2SO4-2 + 6H2O,-14.8,min
Fe2(SeO3)3:2H2O + 3H+ = 3HSeO3- + 2Fe+3 + 2H2O,-20.6262,min
Fe2(OH)4SeO3 + 5H+ = HSeO3- + 2Fe+3 + 4H2O,1.5539,min
FeMoO4 = MoO4-2 + Fe+2,-10.091,min
Fe3(PO4)2:8H2O = 3Fe+2 + 2PO4-3 + 8H2O,-36,min
FePO4:2H2O = Fe+3 + PO4-3 + 2H2O,-26.4,min
Fe(UO2)2(PO4)2 = 2UO2+2 + Fe+2 + 2PO4-3,-44.485,min
FeAsO4:2H2O + 3H+ = Fe+3 + H3AsO4 + 2H2O,0.4,min
Fe(VO3)2 + 4H+ = Fe+2 + 2VO2+ + 2H2O,-3.72,min
Fe3Si2O5(OH)4 + 6H+ = 3Fe+2 + 2H4SiO4 + H2O,20.81,min
